antecedencia,trecho_unico,data,media_preco_atual,media_preco_referencia,mediana_preco_atual,mediana_preco_referencia
27,governador-valadares-mg-sao-paulo-sp,2026-03-22,247.66,249.52,251.5,257.97
17,ipatinga-mg-vitoria-es,2026-03-16,95.66,101.76,95.51,98.04
18,campinas-sp-rio-de-janeiro-rj,2026-03-18,147.69,140.78,141.7,139.99
21,sao-jose-dos-campos-sp-sao-paulo-sp,2026-03-21,48.66,48.97,50.25,50.25
18,belo-horizonte-mg-cabo-frio-rj,2026-03-20,188.3,144.57,195.4,139.9
17,belo-horizonte-mg-uberlandia-mg,2026-03-19,113.46,103.18,88.44,88.33
15,ribeirao-preto-sp-sao-paulo-sp,2026-03-19,159.26,154.72,158.9,155.3
14,belo-horizonte-mg-montes-claros-mg,2026-03-19,148.01,154.67,129.52,141.99
16,ribeirao-preto-sp-sao-paulo-sp,2026-03-22,167.99,169.52,158.9,158.9
13,ribeirao-preto-sp-sao-paulo-sp,2026-03-21,158.23,157.51,155.3,155.3
11,governador-valadares-mg-sao-paulo-sp,2026-03-22,249.68,230.06,248.75,208.45
4,campinas-sp-rio-de-janeiro-rj,2026-03-16,148.29,145.89,145.41,138.21
5,ribeirao-preto-sp-sao-paulo-sp,2026-03-17,151.41,157.6,150.15,155.3
2,belo-horizonte-mg-cabo-frio-rj,2026-03-16,247.99,194.3,254.99,192.49
2,ipatinga-mg-vitoria-es,2026-03-17,99.19,111.11,99.19,114.07
4,sao-paulo-sp-vitoria-es,2026-03-21,252.25,229.9,246.51,232.05
1,ribeirao-preto-sp-sao-paulo-sp,2026-03-22,166.74,168.83,158.9,158.9
22,belo-horizonte-mg-brasilia-df,2026-03-17,236.95,262.82,240.97,266.06
21,belo-horizonte-mg-montes-claros-mg,2026-03-16,155.99,148.96,141.99,141.99
23,belo-horizonte-mg-governador-valadares-mg,2026-03-20,123.59,109.37,117.75,65.85
21,campinas-sp-rio-de-janeiro-rj,2026-03-19,145.72,148.19,138.91,139.99
12,belo-horizonte-mg-cabo-frio-rj,2026-03-19,218.08,169.98,219.9,150.9
8,rio-de-janeiro-rj-vitoria-es,2026-03-16,128.24,144.13,120.22,139.91
7,belo-horizonte-mg-governador-valadares-mg,2026-03-17,115.33,128.26,101.26,118.79
9,belo-horizonte-mg-cabo-frio-rj,2026-03-20,215.38,177.71,219.9,186.99
11,belo-horizonte-mg-sao-paulo-sp,2026-03-22,183.55,180.59,177.9,174.99
10,belo-horizonte-mg-sao-paulo-sp,2026-03-21,184.89,194.41,174.99,189.99
3,belo-horizonte-mg-governador-valadares-mg,2026-03-20,171.58,152.81,188.42,157.46
25,campinas-sp-rio-de-janeiro-rj,2026-03-19,141.75,151.71,132.44,151.95
22,governador-valadares-mg-sao-paulo-sp,2026-03-18,252.92,272.65,249.87,263.97
20,belo-horizonte-mg-governador-valadares-mg,2026-03-17,100.43,103.58,64.92,65.16
20,ribeirao-preto-sp-sao-paulo-sp,2026-03-17,158.28,159.48,155.3,158.9
9,ribeirao-preto-sp-sao-paulo-sp,2026-03-18,157.16,158.72,155.3,158.9
8,ribeirao-preto-sp-sao-paulo-sp,2026-03-19,156.79,157.6,155.3,155.3
10,belo-horizonte-mg-sao-paulo-sp,2026-03-22,196.74,176.77,189.99,174.99
3,belo-horizonte-mg-montes-claros-mg,2026-03-16,156.82,171.29,139.76,165.4
1,sao-jose-dos-campos-sp-sao-paulo-sp,2026-03-19,47.16,47.12,47.8,47.75
2,rio-de-janeiro-rj-uberlandia-mg,2026-03-21,226.99,240.18,223.98,237.99
22,campinas-sp-sao-paulo-sp,2026-03-19,54.93,55.0,56.2,56.2
24,campinas-sp-sao-paulo-sp,2026-03-21,55.32,55.02,56.2,56.2
22,rio-de-janeiro-rj-sao-paulo-sp,2026-03-20,102.13,105.05,103.42,99.99
18,belo-horizonte-mg-montes-claros-mg,2026-03-19,149.3,155.99,130.29,141.99
16,belo-horizonte-mg-sao-paulo-sp,2026-03-19,174.3,193.51,159.99,189.99
16,governador-valadares-mg-sao-paulo-sp,2026-03-19,250.67,252.79,240.87,244.91
16,ipatinga-mg-vitoria-es,2026-03-19,99.53,90.93,98.74,90.93
15,sao-paulo-sp-vitoria-es,2026-03-21,228.58,227.21,208.28,232.05
9,rio-de-janeiro-rj-uberlandia-mg,2026-03-18,228.77,237.62,224.98,237.99
3,ribeirao-preto-sp-sao-paulo-sp,2026-03-16,159.59,158.72,155.3,155.3
7,belo-horizonte-mg-uberlandia-mg,2026-03-21,125.08,109.99,88.65,95.09
3,sao-paulo-sp-vitoria-es,2026-03-17,243.44,235.73,239.91,239.9
5,rio-de-janeiro-rj-uberlandia-mg,2026-03-20,251.77,267.37,230.29,259.95
1,rio-de-janeiro-rj-vitoria-es,2026-03-16,134.6,165.55,129.9,159.9
4,campinas-sp-sao-paulo-sp,2026-03-21,55.51,55.52,56.2,56.2
1,rio-de-janeiro-rj-vitoria-es,2026-03-19,135.75,139.83,129.9,132.17
3,campinas-sp-sao-paulo-sp,2026-03-22,55.56,55.84,56.2,56.2
1,belo-horizonte-mg-uberlandia-mg,2026-03-21,187.4,144.82,190.38,163.12
1,rio-de-janeiro-rj-sao-paulo-sp,2026-03-22,139.94,121.69,142.9,124.9
8,belo-horizonte-mg-brasilia-df,2026-03-22,258.84,219.82,240.97,226.99
22,ipatinga-mg-vitoria-es,2026-03-16,90.0,90.0,90.04,90.04
22,rio-de-janeiro-rj-uberlandia-mg,2026-03-17,239.3,239.44,239.47,238.97
24,belo-horizonte-mg-sao-paulo-sp,2026-03-21,188.05,194.13,179.99,189.99
23,belo-horizonte-mg-montes-claros-mg,2026-03-21,135.16,142.21,130.64,141.99
19,campinas-sp-sao-paulo-sp,2026-03-17,54.87,55.02,56.2,56.2
16,belo-horizonte-mg-sao-paulo-sp,2026-03-16,180.29,187.71,174.99,179.99
18,belo-horizonte-mg-sao-paulo-sp,2026-03-18,181.42,182.72,169.99,174.99
14,rio-de-janeiro-rj-uberlandia-mg,2026-03-16,232.98,245.45,229.97,239.47
17,sao-jose-dos-campos-sp-sao-paulo-sp,2026-03-19,44.79,47.12,46.0,47.75
14,sao-paulo-sp-vitoria-es,2026-03-16,242.38,330.66,242.7,363.74
12,belo-horizonte-mg-brasilia-df,2026-03-18,250.74,246.96,227.43,224.99
16,campinas-sp-sao-paulo-sp,2026-03-22,54.43,55.4,56.15,56.2
11,belo-horizonte-mg-uberlandia-mg,2026-03-18,113.65,153.25,88.33,101.41
12,sao-paulo-sp-vitoria-es,2026-03-21,216.15,226.29,220.34,228.95
9,belo-horizonte-mg-sao-paulo-sp,2026-03-21,197.62,193.99,189.99,189.99
6,campinas-sp-sao-paulo-sp,2026-03-21,55.57,55.69,56.2,56.2
2,governador-valadares-mg-sao-paulo-sp,2026-03-21,247.96,258.13,245.91,258.8
24,belo-horizonte-mg-rio-de-janeiro-rj,2026-03-20,114.65,104.05,119.9,98.9
20,campinas-sp-rio-de-janeiro-rj,2026-03-16,143.94,151.92,138.91,150.2
22,campinas-sp-rio-de-janeiro-rj,2026-03-18,142.21,146.17,132.9,142.2
22,belo-horizonte-mg-uberlandia-mg,2026-03-20,119.34,108.93,88.54,88.51
20,belo-horizonte-mg-brasilia-df,2026-03-19,231.73,259.94,232.28,243.45
17,campinas-sp-sao-paulo-sp,2026-03-17,54.79,55.07,56.2,56.2
15,belo-horizonte-mg-montes-claros-mg,2026-03-17,144.91,153.41,124.84,136.54
16,belo-horizonte-mg-cabo-frio-rj,2026-03-22,267.6,209.01,279.9,219.9
14,sao-paulo-sp-vitoria-es,2026-03-21,220.17,229.71,226.58,232.05
14,belo-horizonte-mg-cabo-frio-rj,2026-03-22,264.72,210.68,279.9,219.9
12,campinas-sp-sao-paulo-sp,2026-03-20,55.89,55.36,56.2,56.2
13,rio-de-janeiro-rj-sao-paulo-sp,2026-03-22,103.76,106.48,101.98,104.99
11,belo-horizonte-mg-cabo-frio-rj,2026-03-21,210.61,181.47,219.9,189.9
8,belo-horizonte-mg-governador-valadares-mg,2026-03-18,124.47,138.42,118.79,137.33
9,campinas-sp-sao-paulo-sp,2026-03-22,55.62,55.35,56.2,56.2
3,campinas-sp-rio-de-janeiro-rj,2026-03-18,147.86,140.59,139.99,131.74
4,ipatinga-mg-vitoria-es,2026-03-20,98.51,104.85,95.81,98.74
3,campinas-sp-rio-de-janeiro-rj,2026-03-20,154.44,141.34,141.9,138.91
3,campinas-sp-rio-de-janeiro-rj,2026-03-21,157.54,157.9,149.99,159.99
22,belo-horizonte-mg-rio-de-janeiro-rj,2026-03-16,113.92,107.07,119.9,98.9
27,sao-jose-dos-campos-sp-sao-paulo-sp,2026-03-22,47.01,47.07,47.75,47.75
24,campinas-sp-sao-paulo-sp,2026-03-20,56.68,55.2,56.5,56.2
22,belo-horizonte-mg-uberlandia-mg,2026-03-19,103.18,103.01,88.33,88.19
22,campinas-sp-sao-paulo-sp,2026-03-21,55.24,55.11,56.2,56.2
16,ipatinga-mg-vitoria-es,2026-03-21,90.0,90.0,90.04,90.04
15,campinas-sp-sao-paulo-sp,2026-03-21,55.59,54.58,56.2,56.5
9,campinas-sp-rio-de-janeiro-rj,2026-03-18,147.65,148.77,139.99,154.99
9,belo-horizonte-mg-montes-claros-mg,2026-03-20,149.03,158.52,127.18,141.99
8,governador-valadares-mg-sao-paulo-sp,2026-03-21,243.9,248.45,257.81,253.06
3,rio-de-janeiro-rj-vitoria-es,2026-03-16,122.42,157.22,109.9,145.9
5,rio-de-janeiro-rj-vitoria-es,2026-03-18,124.3,141.06,116.9,142.28
2,belo-horizonte-mg-governador-valadares-mg,2026-03-17,142.86,143.32,136.08,149.47
0,campinas-sp-rio-de-janeiro-rj,2026-03-16,121.48,114.5,121.48,114.5
3,rio-de-janeiro-rj-uberlandia-mg,2026-03-19,233.78,242.23,223.98,238.48
3,belo-horizonte-mg-sao-paulo-sp,2026-03-20,168.48,170.4,160.4,157.86
25,campinas-sp-sao-paulo-sp,2026-03-20,54.89,55.58,56.5,56.2
21,campinas-sp-rio-de-janeiro-rj,2026-03-18,145.71,146.27,139.99,142.2
17,campinas-sp-sao-paulo-sp,2026-03-19,55.4,54.99,56.2,56.2
10,ribeirao-preto-sp-sao-paulo-sp,2026-03-16,160.35,158.72,158.9,155.3
10,belo-horizonte-mg-brasilia-df,2026-03-18,251.06,231.55,227.43,224.99
11,belo-horizonte-mg-montes-claros-mg,2026-03-19,147.99,153.97,130.29,136.54
5,belo-horizonte-mg-rio-de-janeiro-rj,2026-03-17,127.04,135.83,129.99,139.99
4,ipatinga-mg-vitoria-es,2026-03-16,105.24,123.34,104.88,109.54
9,belo-horizonte-mg-sao-paulo-sp,2026-03-22,181.82,180.58,174.99,174.99
9,rio-de-janeiro-rj-sao-paulo-sp,2026-03-22,111.4,108.79,109.99,108.42
4,ipatinga-mg-vitoria-es,2026-03-19,117.2,102.27,99.19,102.27
2,rio-de-janeiro-rj-uberlandia-mg,2026-03-18,226.41,240.6,221.99,238.48
5,campinas-sp-rio-de-janeiro-rj,2026-03-22,156.11,146.74,149.99,130.23
0,rio-de-janeiro-rj-sao-paulo-sp,2026-03-19,152.43,122.01,149.9,124.89
0,campinas-sp-sao-paulo-sp,2026-03-20,56.5,54.93,56.5,56.2
21,campinas-sp-rio-de-janeiro-rj,2026-03-16,148.23,153.96,139.99,157.19
22,rio-de-janeiro-rj-sao-paulo-sp,2026-03-18,100.63,103.58,94.99,97.99
19,belo-horizonte-mg-cabo-frio-rj,2026-03-17,206.65,158.23,209.9,159.9
22,belo-horizonte-mg-montes-claros-mg,2026-03-20,151.92,156.83,130.57,141.99
17,belo-horizonte-mg-cabo-frio-rj,2026-03-18,233.47,158.23,239.9,139.9
18,belo-horizonte-mg-governador-valadares-mg,2026-03-20,124.98,116.07,118.67,101.02
17,sao-jose-dos-campos-sp-sao-paulo-sp,2026-03-22,46.37,48.22,47.75,50.25
11,ipatinga-mg-vitoria-es,2026-03-17,90.93,95.03,90.93,94.06
12,ipatinga-mg-vitoria-es,2026-03-20,108.13,99.29,98.74,98.74
6,belo-horizonte-mg-montes-claros-mg,2026-03-19,152.81,156.83,134.97,141.99
6,belo-horizonte-mg-governador-valadares-mg,2026-03-21,131.06,134.84,118.67,118.79
2,sao-paulo-sp-vitoria-es,2026-03-18,257.87,239.41,250.87,239.91
2,sao-jose-dos-campos-sp-sao-paulo-sp,2026-03-20,46.28,47.17,50.3,47.75
3,belo-horizonte-mg-montes-claros-mg,2026-03-22,158.57,159.03,141.99,148.25
26,campinas-sp-sao-paulo-sp,2026-03-20,55.88,55.2,56.2,56.2
23,belo-horizonte-mg-brasilia-df,2026-03-18,242.44,262.12,226.98,243.45
25,sao-paulo-sp-vitoria-es,2026-03-20,220.02,273.68,228.95,319.84
24,ipatinga-mg-vitoria-es,2026-03-21,90.0,90.0,90.04,90.04
17,belo-horizonte-mg-brasilia-df,2026-03-16,239.22,252.52,235.58,242.95
18,campinas-sp-rio-de-janeiro-rj,2026-03-17,152.25,151.17,159.99,159.99
23,ribeirao-preto-sp-sao-paulo-sp,2026-03-22,166.88,169.78,158.9,158.9
18,belo-horizonte-mg-uberlandia-mg,2026-03-19,91.97,103.18,88.33,88.33
16,sao-paulo-sp-vitoria-es,2026-03-18,232.22,215.9,212.64,228.8
9,belo-horizonte-mg-brasilia-df,2026-03-16,235.25,234.21,235.58,234.23
11,rio-de-janeiro-rj-uberlandia-mg,2026-03-19,229.38,238.89,223.98,238.48
12,sao-jose-dos-campos-sp-sao-paulo-sp,2026-03-20,44.78,46.22,46.0,47.75
11,governador-valadares-mg-sao-paulo-sp,2026-03-20,257.82,229.04,260.99,226.32
8,sao-paulo-sp-vitoria-es,2026-03-17,241.14,230.03,239.9,232.05
7,belo-horizonte-mg-sao-paulo-sp,2026-03-17,175.09,178.79,159.99,174.99
3,belo-horizonte-mg-montes-claros-mg,2026-03-19,153.65,173.88,132.63,162.68
1,campinas-sp-rio-de-janeiro-rj,2026-03-17,161.44,156.53,164.99,159.99
2,campinas-sp-sao-paulo-sp,2026-03-21,55.52,55.48,56.2,56.2
26,campinas-sp-rio-de-janeiro-rj,2026-03-21,158.77,157.2,159.99,159.99
21,ribeirao-preto-sp-sao-paulo-sp,2026-03-17,159.28,159.48,158.9,158.9
25,belo-horizonte-mg-governador-valadares-mg,2026-03-22,117.65,109.99,101.26,101.02
18,governador-valadares-mg-sao-paulo-sp,2026-03-16,263.1,264.08,256.96,263.97
20,ipatinga-mg-vitoria-es,2026-03-18,100.71,90.93,96.4,90.93
19,rio-de-janeiro-rj-vitoria-es,2026-03-17,120.19,147.5,118.73,139.9
19,belo-horizonte-mg-brasilia-df,2026-03-18,237.19,257.95,226.98,242.95
10,belo-horizonte-mg-cabo-frio-rj,2026-03-16,198.35,169.11,191.95,161.95
15,belo-horizonte-mg-montes-claros-mg,2026-03-21,130.69,139.95,130.69,141.99
11,belo-horizonte-mg-brasilia-df,2026-03-18,234.55,235.4,226.98,224.99
10,campinas-sp-rio-de-janeiro-rj,2026-03-22,151.44,155.42,149.99,154.99
4,belo-horizonte-mg-brasilia-df,2026-03-18,251.04,233.18,237.77,224.98
3,rio-de-janeiro-rj-sao-paulo-sp,2026-03-20,130.64,118.36,134.9,123.43
24,ribeirao-preto-sp-sao-paulo-sp,2026-03-19,157.82,159.31,155.3,158.9
23,rio-de-janeiro-rj-uberlandia-mg,2026-03-19,238.98,238.53,237.99,237.99
18,belo-horizonte-mg-brasilia-df,2026-03-16,251.8,252.52,236.66,242.95
19,belo-horizonte-mg-rio-de-janeiro-rj,2026-03-19,116.19,124.62,119.9,137.73
21,rio-de-janeiro-rj-vitoria-es,2026-03-21,125.48,147.69,118.34,135.89
18,campinas-sp-sao-paulo-sp,2026-03-19,55.01,54.99,56.2,56.2
18,rio-de-janeiro-rj-sao-paulo-sp,2026-03-21,99.01,101.4,95.45,98.39
10,rio-de-janeiro-rj-sao-paulo-sp,2026-03-19,106.82,109.63,104.99,108.43
12,rio-de-janeiro-rj-vitoria-es,2026-03-22,128.02,134.82,119.9,130.91
2,sao-paulo-sp-vitoria-es,2026-03-17,243.44,235.59,239.91,236.7
5,belo-horizonte-mg-brasilia-df,2026-03-21,270.42,205.45,232.98,220.98
8,belo-horizonte-mg-brasilia-df,2026-03-21,253.21,216.49,231.97,220.98
20,rio-de-janeiro-rj-sao-paulo-sp,2026-03-17,101.04,104.04,94.99,97.99
19,belo-horizonte-mg-brasilia-df,2026-03-17,231.1,262.33,240.97,266.06
24,belo-horizonte-mg-governador-valadares-mg,2026-03-22,118.18,110.53,101.26,101.02
21,rio-de-janeiro-rj-uberlandia-mg,2026-03-19,238.98,238.53,237.99,237.99
20,belo-horizonte-mg-governador-valadares-mg,2026-03-19,107.26,103.24,101.02,65.97
21,campinas-sp-rio-de-janeiro-rj,2026-03-20,153.51,161.27,149.99,159.99
15,belo-horizonte-mg-governador-valadares-mg,2026-03-17,106.58,112.27,101.02,101.26
13,belo-horizonte-mg-sao-paulo-sp,2026-03-19,166.44,175.06,162.45,169.99
11,ipatinga-mg-vitoria-es,2026-03-18,110.34,93.66,108.14,94.06
10,belo-horizonte-mg-governador-valadares-mg,2026-03-18,127.64,131.34,118.79,124.06
5,belo-horizonte-mg-governador-valadares-mg,2026-03-16,137.1,145.7,118.79,136.32
11,belo-horizonte-mg-montes-claros-mg,2026-03-22,152.01,187.02,134.97,181.79
6,rio-de-janeiro-rj-uberlandia-mg,2026-03-18,231.98,237.98,223.98,237.99
3,belo-horizonte-mg-montes-claros-mg,2026-03-17,154.99,172.71,139.27,159.95
3,rio-de-janeiro-rj-uberlandia-mg,2026-03-17,231.34,239.72,228.49,239.97
6,rio-de-janeiro-rj-uberlandia-mg,2026-03-20,251.77,251.64,230.29,239.97
5,rio-de-janeiro-rj-vitoria-es,2026-03-19,127.69,141.9,125.65,144.65
2,belo-horizonte-mg-sao-paulo-sp,2026-03-22,176.5,192.34,177.8,184.99
23,belo-horizonte-mg-sao-paulo-sp,2026-03-19,174.94,185.53,157.49,174.99
17,rio-de-janeiro-rj-uberlandia-mg,2026-03-16,245.45,245.9,239.47,238.97
15,sao-paulo-sp-vitoria-es,2026-03-16,251.76,330.66,305.5,363.74
16,sao-paulo-sp-vitoria-es,2026-03-17,254.97,225.51,305.5,232.05
14,rio-de-janeiro-rj-sao-paulo-sp,2026-03-16,99.28,105.63,94.91,104.99
12,belo-horizonte-mg-sao-paulo-sp,2026-03-17,175.81,185.02,164.99,174.99
12,belo-horizonte-mg-sao-paulo-sp,2026-03-18,163.71,181.08,137.05,174.99
12,sao-paulo-sp-vitoria-es,2026-03-22,217.9,241.11,226.43,228.8
7,sao-jose-dos-campos-sp-sao-paulo-sp,2026-03-21,47.86,46.91,47.8,47.75
2,belo-horizonte-mg-governador-valadares-mg,2026-03-19,154.38,145.75,167.0,137.09
5,sao-jose-dos-campos-sp-sao-paulo-sp,2026-03-22,44.67,47.07,47.8,47.75
1,campinas-sp-sao-paulo-sp,2026-03-21,55.52,55.18,56.2,56.2
25,rio-de-janeiro-rj-vitoria-es,2026-03-19,124.46,159.04,127.55,181.27
22,belo-horizonte-mg-montes-claros-mg,2026-03-21,134.46,142.14,130.62,141.99
18,sao-jose-dos-campos-sp-sao-paulo-sp,2026-03-18,46.1,47.07,47.75,47.75
19,rio-de-janeiro-rj-sao-paulo-sp,2026-03-21,98.09,101.44,100.98,94.99
9,belo-horizonte-mg-montes-claros-mg,2026-03-16,149.21,152.22,134.97,139.27
8,campinas-sp-sao-paulo-sp,2026-03-16,55.72,54.84,56.5,56.2
8,campinas-sp-sao-paulo-sp,2026-03-17,55.05,55.35,56.2,56.5
10,belo-horizonte-mg-governador-valadares-mg,2026-03-21,117.86,120.67,101.26,116.59
5,sao-paulo-sp-vitoria-es,2026-03-17,235.65,228.59,239.9,232.05
7,ribeirao-preto-sp-sao-paulo-sp,2026-03-22,165.11,170.03,158.9,158.9
2,belo-horizonte-mg-cabo-frio-rj,2026-03-18,305.76,196.69,299.99,189.99
22,campinas-sp-sao-paulo-sp,2026-03-16,55.16,55.43,56.2,56.2
23,belo-horizonte-mg-uberlandia-mg,2026-03-21,116.98,107.19,88.65,88.51
18,belo-horizonte-mg-rio-de-janeiro-rj,2026-03-17,100.48,100.79,99.99,99.99
17,ribeirao-preto-sp-sao-paulo-sp,2026-03-16,159.08,159.8,155.3,158.9
18,belo-horizonte-mg-brasilia-df,2026-03-20,252.82,251.79,228.98,239.48
17,campinas-sp-sao-paulo-sp,2026-03-20,55.75,54.94,56.2,56.2
18,campinas-sp-rio-de-janeiro-rj,2026-03-22,154.52,163.73,149.99,169.99
12,campinas-sp-rio-de-janeiro-rj,2026-03-17,157.82,156.99,159.99,159.99
10,campinas-sp-sao-paulo-sp,2026-03-16,55.62,55.26,56.2,56.2
6,belo-horizonte-mg-cabo-frio-rj,2026-03-16,217.11,198.44,222.49,189.99
9,belo-horizonte-mg-rio-de-janeiro-rj,2026-03-22,153.6,158.88,162.3,169.99
2,rio-de-janeiro-rj-uberlandia-mg,2026-03-22,228.19,241.48,223.98,238.48
25,sao-paulo-sp-vitoria-es,2026-03-21,185.46,260.45,196.26,258.83
21,belo-horizonte-mg-uberlandia-mg,2026-03-18,104.89,137.64,88.33,88.46
19,rio-de-janeiro-rj-sao-paulo-sp,2026-03-17,97.7,102.02,93.21,97.99
19,belo-horizonte-mg-rio-de-janeiro-rj,2026-03-21,86.9,98.13,69.99,99.99
20,belo-horizonte-mg-sao-paulo-sp,2026-03-22,172.41,189.04,159.99,184.99
16,belo-horizonte-mg-cabo-frio-rj,2026-03-19,198.4,146.57,199.9,149.9
15,ipatinga-mg-vitoria-es,2026-03-19,99.33,90.93,98.74,90.93
11,belo-horizonte-mg-sao-paulo-sp,2026-03-16,177.03,172.49,168.45,159.99
12,rio-de-janeiro-rj-uberlandia-mg,2026-03-18,229.15,237.62,224.98,237.99
10,campinas-sp-sao-paulo-sp,2026-03-17,55.3,55.26,56.2,56.2
4,belo-horizonte-mg-cabo-frio-rj,2026-03-17,305.1,170.35,293.99,172.49
3,belo-horizonte-mg-cabo-frio-rj,2026-03-17,306.31,186.99,293.99,180.99
4,belo-horizonte-mg-montes-claros-mg,2026-03-19,153.65,172.71,132.63,159.95
6,rio-de-janeiro-rj-uberlandia-mg,2026-03-22,235.18,238.53,223.98,238.97
3,belo-horizonte-mg-cabo-frio-rj,2026-03-22,265.85,225.32,262.99,216.99
3,belo-horizonte-mg-uberlandia-mg,2026-03-22,217.77,219.93,224.84,208.12
1,campinas-sp-rio-de-janeiro-rj,2026-03-22,173.3,152.32,169.99,149.99
24,campinas-sp-sao-paulo-sp,2026-03-18,56.56,54.87,56.2,56.2
27,campinas-sp-sao-paulo-sp,2026-03-22,55.73,55.64,56.2,56.2
19,belo-horizonte-mg-governador-valadares-mg,2026-03-16,111.21,113.23,101.02,101.14
19,ribeirao-preto-sp-sao-paulo-sp,2026-03-17,160.22,159.48,158.9,158.9
19,belo-horizonte-mg-brasilia-df,2026-03-22,260.48,245.59,232.28,242.46
15,rio-de-janeiro-rj-vitoria-es,2026-03-18,140.91,128.96,129.91,129.9
18,rio-de-janeiro-rj-vitoria-es,2026-03-21,130.01,126.56,124.12,135.89
13,belo-horizonte-mg-rio-de-janeiro-rj,2026-03-17,111.97,112.23,109.99,109.99
8,belo-horizonte-mg-montes-claros-mg,2026-03-18,147.96,167.39,130.29,159.95
10,governador-valadares-mg-sao-paulo-sp,2026-03-20,256.83,226.69,260.99,222.6
6,rio-de-janeiro-rj-uberlandia-mg,2026-03-17,230.31,240.07,225.98,239.97
2,governador-valadares-mg-sao-paulo-sp,2026-03-16,243.15,273.06,238.99,256.96
7,sao-paulo-sp-vitoria-es,2026-03-22,235.15,247.95,245.39,236.7
1,ribeirao-preto-sp-sao-paulo-sp,2026-03-17,160.36,155.14,155.3,155.3
1,belo-horizonte-mg-cabo-frio-rj,2026-03-19,280.79,175.79,272.99,172.99
0,ribeirao-preto-sp-sao-paulo-sp,2026-03-21,150.43,155.37,147.99,155.3
22,belo-horizonte-mg-montes-claros-mg,2026-03-17,154.32,154.32,141.99,141.99
26,belo-horizonte-mg-montes-claros-mg,2026-03-22,177.11,154.1,141.99,136.54
20,belo-horizonte-mg-montes-claros-mg,2026-03-17,147.64,153.41,130.34,136.54
19,sao-paulo-sp-vitoria-es,2026-03-16,201.42,333.99,209.63,441.37
23,campinas-sp-rio-de-janeiro-rj,2026-03-21,153.63,156.85,159.99,159.99
24,ipatinga-mg-vitoria-es,2026-03-22,96.09,94.84,94.06,94.06
17,belo-horizonte-mg-montes-claros-mg,2026-03-16,147.96,151.05,132.63,139.27
13,belo-horizonte-mg-cabo-frio-rj,2026-03-16,184.6,194.9,187.4,189.9
17,ipatinga-mg-vitoria-es,2026-03-20,97.03,92.49,98.74,94.06
12,belo-horizonte-mg-sao-paulo-sp,2026-03-19,177.94,184.52,174.99,174.99
11,ribeirao-preto-sp-sao-paulo-sp,2026-03-20,169.38,169.09,158.9,158.9
7,belo-horizonte-mg-uberlandia-mg,2026-03-18,98.16,154.2,88.33,101.41
8,belo-horizonte-mg-uberlandia-mg,2026-03-21,113.8,109.99,88.65,95.09
3,governador-valadares-mg-sao-paulo-sp,2026-03-17,246.09,245.31,264.98,253.13
24,belo-horizonte-mg-uberlandia-mg,2026-03-22,131.91,118.84,88.65,88.51
16,sao-jose-dos-campos-sp-sao-paulo-sp,2026-03-16,45.57,46.82,44.25,47.75
15,campinas-sp-sao-paulo-sp,2026-03-18,55.25,54.34,56.2,56.5
13,governador-valadares-mg-sao-paulo-sp,2026-03-16,260.36,243.0,256.96,245.91
18,ipatinga-mg-vitoria-es,2026-03-21,90.0,90.0,90.04,90.04
14,rio-de-janeiro-rj-sao-paulo-sp,2026-03-18,99.64,102.62,94.89,94.99
10,belo-horizonte-mg-cabo-frio-rj,2026-03-17,287.92,162.15,327.99,156.49
8,rio-de-janeiro-rj-sao-paulo-sp,2026-03-18,101.7,106.51,99.9,99.99
6,sao-paulo-sp-vitoria-es,2026-03-19,248.03,235.51,248.14,239.9
5,belo-horizonte-mg-sao-paulo-sp,2026-03-19,174.25,183.8,174.99,174.99
5,belo-horizonte-mg-uberlandia-mg,2026-03-19,191.81,114.79,176.69,88.54
4,rio-de-janeiro-rj-uberlandia-mg,2026-03-18,228.49,236.78,221.99,233.98
3,belo-horizonte-mg-rio-de-janeiro-rj,2026-03-18,131.1,113.66,139.9,109.99
7,sao-jose-dos-campos-sp-sao-paulo-sp,2026-03-22,46.87,47.07,47.8,47.75
0,rio-de-janeiro-rj-sao-paulo-sp,2026-03-22,138.2,124.58,144.95,124.99
23,belo-horizonte-mg-rio-de-janeiro-rj,2026-03-17,88.33,92.51,69.99,99.99
18,rio-de-janeiro-rj-uberlandia-mg,2026-03-16,246.42,245.88,238.98,238.97
19,rio-de-janeiro-rj-uberlandia-mg,2026-03-17,239.08,239.08,238.98,238.48
18,belo-horizonte-mg-uberlandia-mg,2026-03-22,119.37,92.84,88.65,88.49
13,campinas-sp-sao-paulo-sp,2026-03-17,54.91,54.14,56.2,56.5
7,belo-horizonte-mg-rio-de-janeiro-rj,2026-03-19,138.36,157.85,130.37,169.99
7,belo-horizonte-mg-sao-paulo-sp,2026-03-19,205.56,177.23,185.57,174.99
6,rio-de-janeiro-rj-sao-paulo-sp,2026-03-20,117.14,112.4,114.99,109.99
1,sao-jose-dos-campos-sp-sao-paulo-sp,2026-03-16,50.64,47.24,50.3,47.75
2,rio-de-janeiro-rj-uberlandia-mg,2026-03-19,234.59,239.98,223.98,237.99
28,ipatinga-mg-vitoria-es,2026-03-22,94.06,91.56,94.06,94.06
22,belo-horizonte-mg-sao-paulo-sp,2026-03-17,181.01,184.16,174.99,174.99
21,campinas-sp-sao-paulo-sp,2026-03-16,54.93,55.43,56.2,56.2
20,belo-horizonte-mg-cabo-frio-rj,2026-03-16,192.35,170.7,199.9,174.9
20,governador-valadares-mg-sao-paulo-sp,2026-03-16,263.1,305.38,256.96,269.93
19,ipatinga-mg-vitoria-es,2026-03-18,100.7,90.93,96.4,90.93
14,rio-de-janeiro-rj-uberlandia-mg,2026-03-18,229.34,237.73,225.98,238.48
15,belo-horizonte-mg-governador-valadares-mg,2026-03-21,108.95,108.53,101.02,101.02
14,rio-de-janeiro-rj-uberlandia-mg,2026-03-20,252.22,250.72,225.98,239.47
14,belo-horizonte-mg-montes-claros-mg,2026-03-21,130.69,138.14,130.69,136.54
10,belo-horizonte-mg-montes-claros-mg,2026-03-19,149.05,153.97,130.29,136.54
8,campinas-sp-rio-de-janeiro-rj,2026-03-17,160.95,159.91,159.99,159.99
8,belo-horizonte-mg-cabo-frio-rj,2026-03-19,233.5,187.13,248.99,183.99
8,ribeirao-preto-sp-sao-paulo-sp,2026-03-22,165.11,170.03,158.9,158.9
2,sao-jose-dos-campos-sp-sao-paulo-sp,2026-03-16,47.28,47.24,47.8,47.75
4,belo-horizonte-mg-governador-valadares-mg,2026-03-19,145.04,143.96,143.28,134.35
5,belo-horizonte-mg-uberlandia-mg,2026-03-22,203.95,209.45,191.73,193.08
22,belo-horizonte-mg-cabo-frio-rj,2026-03-16,180.72,167.9,179.9,174.9
17,campinas-sp-rio-de-janeiro-rj,2026-03-16,150.73,147.09,143.89,154.99
17,belo-horizonte-mg-uberlandia-mg,2026-03-20,126.15,99.03,88.54,88.6
16,sao-paulo-sp-vitoria-es,2026-03-21,238.67,225.96,214.1,232.05
12,rio-de-janeiro-rj-uberlandia-mg,2026-03-20,252.22,250.09,225.98,239.97
13,belo-horizonte-mg-brasilia-df,2026-03-22,239.99,225.31,228.98,228.98
13,campinas-sp-sao-paulo-sp,2026-03-22,55.6,56.33,56.5,56.2
7,belo-horizonte-mg-governador-valadares-mg,2026-03-18,115.7,132.69,116.47,118.79
5,sao-jose-dos-campos-sp-sao-paulo-sp,2026-03-16,48.43,50.61,50.3,50.25
2,belo-horizonte-mg-sao-paulo-sp,2026-03-18,171.46,193.69,159.99,184.99
2,rio-de-janeiro-rj-vitoria-es,2026-03-18,136.38,145.46,129.9,144.65
2,belo-horizonte-mg-rio-de-janeiro-rj,2026-03-21,142.77,148.0,139.99,139.99
23,campinas-sp-rio-de-janeiro-rj,2026-03-18,147.19,146.47,139.99,144.2
25,rio-de-janeiro-rj-sao-paulo-sp,2026-03-20,108.37,108.37,104.99,107.99
24,sao-paulo-sp-vitoria-es,2026-03-22,203.26,248.35,209.63,232.05
22,belo-horizonte-mg-governador-valadares-mg,2026-03-22,121.95,112.41,105.0,101.26
20,rio-de-janeiro-rj-uberlandia-mg,2026-03-20,252.53,254.58,239.97,238.97
18,sao-paulo-sp-vitoria-es,2026-03-18,246.9,218.02,245.37,228.8
17,campinas-sp-rio-de-janeiro-rj,2026-03-18,148.18,141.22,144.2,139.99
18,belo-horizonte-mg-montes-claros-mg,2026-03-20,146.3,157.8,124.84,141.99
14,ribeirao-preto-sp-sao-paulo-sp,2026-03-16,161.22,160.02,158.9,158.9
18,sao-paulo-sp-vitoria-es,2026-03-21,219.5,227.36,211.19,232.05
12,belo-horizonte-mg-governador-valadares-mg,2026-03-21,113.93,117.61,101.26,116.47
10,belo-horizonte-mg-cabo-frio-rj,2026-03-20,220.42,165.33,229.9,169.9
8,rio-de-janeiro-rj-vitoria-es,2026-03-18,124.23,135.71,119.91,139.91
6,campinas-sp-rio-de-janeiro-rj,2026-03-17,164.06,161.53,159.99,159.99
8,campinas-sp-sao-paulo-sp,2026-03-19,55.15,54.77,56.2,56.2
8,ipatinga-mg-vitoria-es,2026-03-19,121.44,93.86,114.07,90.93
5,campinas-sp-rio-de-janeiro-rj,2026-03-18,145.24,142.63,139.99,139.99
2,belo-horizonte-mg-cabo-frio-rj,2026-03-19,279.87,200.24,269.99,204.49
26,belo-horizonte-mg-brasilia-df,2026-03-20,252.28,254.67,239.48,242.46
23,campinas-sp-rio-de-janeiro-rj,2026-03-20,151.1,160.26,149.7,160.18
24,ribeirao-preto-sp-sao-paulo-sp,2026-03-21,158.46,159.2,155.3,158.9
20,sao-paulo-sp-vitoria-es,2026-03-19,252.73,229.22,305.5,232.05
19,campinas-sp-sao-paulo-sp,2026-03-20,55.31,55.13,56.2,56.2
15,governador-valadares-mg-sao-paulo-sp,2026-03-16,264.1,266.71,256.96,263.97
20,rio-de-janeiro-rj-sao-paulo-sp,2026-03-22,98.98,104.46,87.91,103.42
18,belo-horizonte-mg-cabo-frio-rj,2026-03-22,204.57,211.15,199.9,219.9
13,belo-horizonte-mg-uberlandia-mg,2026-03-17,103.17,99.81,88.33,88.6
13,belo-horizonte-mg-uberlandia-mg,2026-03-19,118.9,107.88,88.49,88.33
7,belo-horizonte-mg-montes-claros-mg,2026-03-19,149.64,155.15,130.29,141.99
5,campinas-sp-sao-paulo-sp,2026-03-17,54.61,54.97,56.2,56.2
5,belo-horizonte-mg-governador-valadares-mg,2026-03-20,163.5,147.37,188.42,136.88
3,sao-paulo-sp-vitoria-es,2026-03-18,244.05,236.27,250.87,236.7
1,campinas-sp-sao-paulo-sp,2026-03-19,55.45,55.08,56.2,56.2
23,rio-de-janeiro-rj-vitoria-es,2026-03-19,120.82,156.59,118.73,163.59
18,ribeirao-preto-sp-sao-paulo-sp,2026-03-17,158.38,159.48,155.3,158.9
15,governador-valadares-mg-sao-paulo-sp,2026-03-17,250.2,262.06,256.96,263.97
19,rio-de-janeiro-rj-uberlandia-mg,2026-03-21,241.78,238.73,237.99,238.48
16,campinas-sp-sao-paulo-sp,2026-03-21,55.24,54.82,56.2,56.2
12,belo-horizonte-mg-cabo-frio-rj,2026-03-18,280.68,166.57,249.9,149.9
14,belo-horizonte-mg-cabo-frio-rj,2026-03-20,206.9,162.9,199.9,169.9
9,governador-valadares-mg-sao-paulo-sp,2026-03-17,248.71,226.22,256.96,208.45
10,belo-horizonte-mg-cabo-frio-rj,2026-03-19,224.15,173.71,229.9,179.99
7,rio-de-janeiro-rj-sao-paulo-sp,2026-03-17,102.59,107.9,99.91,104.99
7,campinas-sp-sao-paulo-sp,2026-03-18,54.07,54.84,56.5,56.2
4,belo-horizonte-mg-uberlandia-mg,2026-03-21,153.57,122.32,163.23,95.22
2,campinas-sp-rio-de-janeiro-rj,2026-03-20,156.48,144.37,157.9,144.99
2,ribeirao-preto-sp-sao-paulo-sp,2026-03-22,164.42,169.27,155.3,158.9
28,belo-horizonte-mg-rio-de-janeiro-rj,2026-03-22,109.54,105.88,109.9,94.03
21,belo-horizonte-mg-brasilia-df,2026-03-16,232.77,254.08,228.98,242.95
16,belo-horizonte-mg-cabo-frio-rj,2026-03-16,189.28,179.9,187.4,179.9
13,belo-horizonte-mg-rio-de-janeiro-rj,2026-03-19,143.41,151.24,139.99,169.99
9,belo-horizonte-mg-governador-valadares-mg,2026-03-22,153.61,132.86,157.71,118.79
4,sao-paulo-sp-vitoria-es,2026-03-18,244.05,230.64,250.87,232.05
7,belo-horizonte-mg-montes-claros-mg,2026-03-22,152.93,191.36,134.97,176.73
4,sao-jose-dos-campos-sp-sao-paulo-sp,2026-03-19,47.16,47.12,47.8,47.75
2,belo-horizonte-mg-rio-de-janeiro-rj,2026-03-19,141.89,167.29,139.9,189.99
1,campinas-sp-sao-paulo-sp,2026-03-18,55.23,55.46,56.2,56.2
4,sao-paulo-sp-vitoria-es,2026-03-22,241.56,241.16,247.97,232.78
2,sao-paulo-sp-vitoria-es,2026-03-20,257.22,255.03,248.14,239.9
27,belo-horizonte-mg-rio-de-janeiro-rj,2026-03-21,88.5,88.74,69.99,95.45
22,rio-de-janeiro-rj-sao-paulo-sp,2026-03-16,102.43,117.54,103.42,108.42
23,sao-paulo-sp-vitoria-es,2026-03-19,183.98,264.64,199.91,263.52
15,rio-de-janeiro-rj-vitoria-es,2026-03-16,139.63,161.48,129.9,159.9
14,belo-horizonte-mg-governador-valadares-mg,2026-03-16,113.84,125.26,101.14,116.71
16,belo-horizonte-mg-montes-claros-mg,2026-03-18,144.91,158.0,124.84,141.99
15,belo-horizonte-mg-brasilia-df,2026-03-21,260.56,248.23,231.97,228.98
16,rio-de-janeiro-rj-sao-paulo-sp,2026-03-22,102.44,103.87,100.98,103.43
15,belo-horizonte-mg-governador-valadares-mg,2026-03-22,132.23,124.71,118.55,116.29
13,governador-valadares-mg-sao-paulo-sp,2026-03-21,260.26,233.66,262.2,238.58
12,campinas-sp-sao-paulo-sp,2026-03-22,55.33,56.19,56.2,56.2
6,belo-horizonte-mg-cabo-frio-rj,2026-03-17,295.85,173.7,259.99,190.99
11,ipatinga-mg-vitoria-es,2026-03-22,103.85,100.7,105.79,102.27
10,sao-paulo-sp-vitoria-es,2026-03-22,226.6,238.56,228.8,230.43
6,ipatinga-mg-vitoria-es,2026-03-19,108.18,99.53,99.19,102.27
2,belo-horizonte-mg-montes-claros-mg,2026-03-18,161.68,198.45,134.97,181.79
2,rio-de-janeiro-rj-sao-paulo-sp,2026-03-18,124.64,118.84,124.99,118.21
1,sao-jose-dos-campos-sp-sao-paulo-sp,2026-03-20,46.23,47.17,50.3,47.75
20,ipatinga-mg-vitoria-es,2026-03-17,93.66,90.93,94.06,90.93
23,belo-horizonte-mg-rio-de-janeiro-rj,2026-03-22,108.78,107.46,89.99,89.99
18,governador-valadares-mg-sao-paulo-sp,2026-03-18,257.16,265.83,256.99,263.44
16,rio-de-janeiro-rj-vitoria-es,2026-03-16,136.06,165.65,129.91,159.9
19,governador-valadares-mg-sao-paulo-sp,2026-03-21,253.5,262.99,258.8,263.97
18,belo-horizonte-mg-sao-paulo-sp,2026-03-21,170.32,209.33,158.9,219.5
15,belo-horizonte-mg-sao-paulo-sp,2026-03-21,185.02,192.58,174.99,189.99
8,belo-horizonte-mg-montes-claros-mg,2026-03-17,147.97,155.15,132.63,141.99
9,sao-paulo-sp-vitoria-es,2026-03-20,214.55,251.54,214.52,232.05
6,belo-horizonte-mg-rio-de-janeiro-rj,2026-03-19,145.13,165.42,136.9,169.99
5,belo-horizonte-mg-uberlandia-mg,2026-03-21,152.58,133.28,163.23,101.79
2,ipatinga-mg-vitoria-es,2026-03-18,112.3,106.2,102.56,105.79
27,sao-jose-dos-campos-sp-sao-paulo-sp,2026-03-21,48.66,47.83,50.25,47.75
21,belo-horizonte-mg-uberlandia-mg,2026-03-17,120.79,106.36,88.44,88.3
18,sao-jose-dos-campos-sp-sao-paulo-sp,2026-03-17,48.45,48.45,47.75,47.75
21,sao-paulo-sp-vitoria-es,2026-03-21,221.34,227.21,214.1,228.57
15,rio-de-janeiro-rj-uberlandia-mg,2026-03-17,239.46,238.18,238.98,238.48
15,belo-horizonte-mg-brasilia-df,2026-03-20,238.29,243.96,228.98,226.99
14,ribeirao-preto-sp-sao-paulo-sp,2026-03-20,171.15,169.38,158.9,158.9
11,campinas-sp-rio-de-janeiro-rj,2026-03-22,163.42,158.23,159.99,159.99
5,ipatinga-mg-vitoria-es,2026-03-19,108.18,103.44,99.19,105.79
2,rio-de-janeiro-rj-sao-paulo-sp,2026-03-21,128.7,115.25,131.99,119.99
3,belo-horizonte-mg-sao-paulo-sp,2026-03-21,176.33,194.25,163.9,184.99
22,belo-horizonte-mg-brasilia-df,2026-03-18,235.12,261.72,226.98,243.45
24,governador-valadares-mg-sao-paulo-sp,2026-03-20,250.82,266.84,253.13,263.97
23,belo-horizonte-mg-rio-de-janeiro-rj,2026-03-21,88.77,88.85,69.99,99.99
21,rio-de-janeiro-rj-sao-paulo-sp,2026-03-19,102.87,104.59,103.42,102.15
23,campinas-sp-sao-paulo-sp,2026-03-22,55.32,55.4,56.2,56.2
18,belo-horizonte-mg-governador-valadares-mg,2026-03-18,101.67,114.48,64.92,101.26
21,rio-de-janeiro-rj-sao-paulo-sp,2026-03-21,98.82,101.88,95.37,100.87
18,belo-horizonte-mg-brasilia-df,2026-03-21,258.56,239.52,231.97,230.98
17,belo-horizonte-mg-governador-valadares-mg,2026-03-21,104.32,83.69,65.73,57.43
11,belo-horizonte-mg-cabo-frio-rj,2026-03-18,288.46,168.79,279.9,149.9
10,belo-horizonte-mg-uberlandia-mg,2026-03-17,112.62,111.72,88.44,88.65
11,rio-de-janeiro-rj-sao-paulo-sp,2026-03-20,105.81,110.19,101.99,109.99
10,campinas-sp-sao-paulo-sp,2026-03-21,54.95,55.46,56.5,56.2
5,ipatinga-mg-vitoria-es,2026-03-20,98.51,98.74,95.81,98.74
5,ipatinga-mg-vitoria-es,2026-03-21,94.91,92.73,94.83,93.17
24,ribeirao-preto-sp-sao-paulo-sp,2026-03-20,170.28,171.71,158.9,158.9
22,belo-horizonte-mg-sao-paulo-sp,2026-03-19,184.03,191.82,174.99,199.99
25,ipatinga-mg-vitoria-es,2026-03-22,96.09,93.74,94.06,94.06
22,belo-horizonte-mg-sao-paulo-sp,2026-03-20,161.36,177.33,133.99,159.99
12,belo-horizonte-mg-rio-de-janeiro-rj,2026-03-17,111.61,113.84,109.99,109.99
17,campinas-sp-sao-paulo-sp,2026-03-22,54.8,55.25,56.15,56.2
14,belo-horizonte-mg-governador-valadares-mg,2026-03-20,134.87,116.25,127.44,101.26
12,sao-jose-dos-campos-sp-sao-paulo-sp,2026-03-18,45.35,47.07,44.25,47.75
9,rio-de-janeiro-rj-uberlandia-mg,2026-03-16,235.06,245.74,225.98,239.47
12,ipatinga-mg-vitoria-es,2026-03-21,90.0,90.0,90.04,90.04
10,rio-de-janeiro-rj-vitoria-es,2026-03-19,125.14,134.51,119.89,137.61
9,rio-de-janeiro-rj-sao-paulo-sp,2026-03-19,107.59,108.71,104.99,108.43
5,belo-horizonte-mg-rio-de-janeiro-rj,2026-03-16,158.55,161.32,179.99,169.99
6,belo-horizonte-mg-montes-claros-mg,2026-03-20,156.24,165.02,139.27,150.98
5,belo-horizonte-mg-uberlandia-mg,2026-03-20,186.56,154.2,163.77,163.23
3,rio-de-janeiro-rj-sao-paulo-sp,2026-03-19,128.74,118.53,130.49,123.42
1,belo-horizonte-mg-sao-paulo-sp,2026-03-18,171.79,174.81,160.8,174.99
24,belo-horizonte-mg-cabo-frio-rj,2026-03-18,218.9,168.61,219.9,159.9
27,belo-horizonte-mg-sao-paulo-sp,2026-03-21,173.22,193.48,159.99,189.99
23,sao-jose-dos-campos-sp-sao-paulo-sp,2026-03-17,50.54,46.66,50.25,47.75
23,sao-paulo-sp-vitoria-es,2026-03-17,182.79,265.13,174.77,248.05
27,rio-de-janeiro-rj-uberlandia-mg,2026-03-22,242.28,238.35,238.48,237.99
25,belo-horizonte-mg-brasilia-df,2026-03-21,224.63,250.1,228.98,232.98
19,rio-de-janeiro-rj-vitoria-es,2026-03-18,132.91,153.13,130.4,143.41
21,ribeirao-preto-sp-sao-paulo-sp,2026-03-21,159.64,159.2,155.3,158.9
20,sao-paulo-sp-vitoria-es,2026-03-21,230.57,230.72,214.1,230.55
17,belo-horizonte-mg-cabo-frio-rj,2026-03-19,198.4,156.9,199.9,149.9
16,campinas-sp-sao-paulo-sp,2026-03-18,55.54,55.1,56.2,56.2
14,rio-de-janeiro-rj-vitoria-es,2026-03-16,144.2,177.18,129.9,182.65
16,sao-paulo-sp-vitoria-es,2026-03-20,245.44,263.2,211.05,235.98
12,rio-de-janeiro-rj-sao-paulo-sp,2026-03-17,102.39,106.25,99.9,103.42
12,ipatinga-mg-vitoria-es,2026-03-18,104.54,93.66,104.07,94.06
15,sao-paulo-sp-vitoria-es,2026-03-22,222.34,225.72,224.06,228.8
14,sao-jose-dos-campos-sp-sao-paulo-sp,2026-03-22,46.87,47.07,47.8,47.75
5,belo-horizonte-mg-montes-claros-mg,2026-03-17,147.61,161.01,130.29,141.99
7,belo-horizonte-mg-montes-claros-mg,2026-03-20,153.32,164.24,133.42,147.85
4,ipatinga-mg-vitoria-es,2026-03-18,112.3,103.16,102.56,102.27
1,sao-jose-dos-campos-sp-sao-paulo-sp,2026-03-18,47.1,48.29,47.8,50.25
1,belo-horizonte-mg-sao-paulo-sp,2026-03-19,184.75,193.17,179.99,182.14
22,sao-jose-dos-campos-sp-sao-paulo-sp,2026-03-16,51.9,47.24,50.25,47.75
25,rio-de-janeiro-rj-uberlandia-mg,2026-03-20,250.17,256.69,239.47,239.97
22,sao-jose-dos-campos-sp-sao-paulo-sp,2026-03-18,47.07,46.66,47.75,47.75
19,rio-de-janeiro-rj-sao-paulo-sp,2026-03-19,105.31,104.94,103.42,103.43
19,belo-horizonte-mg-uberlandia-mg,2026-03-21,116.98,111.48,88.65,88.65
19,ipatinga-mg-vitoria-es,2026-03-22,99.16,98.28,94.06,98.74
10,ribeirao-preto-sp-sao-paulo-sp,2026-03-17,157.21,157.76,155.3,155.3
12,rio-de-janeiro-rj-uberlandia-mg,2026-03-21,233.32,238.9,224.98,238.48
6,belo-horizonte-mg-rio-de-janeiro-rj,2026-03-17,127.7,124.69,139.99,125.9
5,belo-horizonte-mg-cabo-frio-rj,2026-03-17,272.99,168.7,273.99,168.99
2,governador-valadares-mg-sao-paulo-sp,2026-03-19,250.45,250.53,250.32,251.5
25,rio-de-janeiro-rj-sao-paulo-sp,2026-03-19,106.92,106.18,104.99,105.9
21,belo-horizonte-mg-rio-de-janeiro-rj,2026-03-16,114.83,107.07,119.9,98.9
22,belo-horizonte-mg-rio-de-janeiro-rj,2026-03-20,110.03,106.02,109.9,98.45
21,belo-horizonte-mg-sao-paulo-sp,2026-03-20,182.3,181.47,159.99,159.99
23,ipatinga-mg-vitoria-es,2026-03-22,96.09,94.84,94.06,94.06
13,belo-horizonte-mg-montes-claros-mg,2026-03-16,320.5,148.96,320.5,141.99
17,sao-jose-dos-campos-sp-sao-paulo-sp,2026-03-20,47.17,47.17,47.75,47.75
13,belo-horizonte-mg-sao-paulo-sp,2026-03-17,183.8,206.63,174.99,240.0
9,campinas-sp-sao-paulo-sp,2026-03-17,55.28,55.26,56.2,56.2
4,belo-horizonte-mg-uberlandia-mg,2026-03-16,136.87,136.24,101.79,101.52
8,campinas-sp-sao-paulo-sp,2026-03-21,54.98,55.01,56.2,56.2
8,governador-valadares-mg-sao-paulo-sp,2026-03-22,248.08,246.76,240.54,249.87
22,rio-de-janeiro-rj-vitoria-es,2026-03-17,122.27,157.01,127.55,159.9
21,sao-paulo-sp-vitoria-es,2026-03-16,195.67,361.67,209.63,439.99
21,belo-horizonte-mg-brasilia-df,2026-03-20,245.05,253.82,228.98,240.97
23,rio-de-janeiro-rj-vitoria-es,2026-03-22,125.41,139.54,127.55,133.76
18,ipatinga-mg-vitoria-es,2026-03-19,99.33,90.93,98.74,90.93
17,rio-de-janeiro-rj-sao-paulo-sp,2026-03-19,104.47,104.44,100.98,103.42
13,rio-de-janeiro-rj-sao-paulo-sp,2026-03-16,98.81,109.62,94.9,108.43
11,rio-de-janeiro-rj-vitoria-es,2026-03-17,140.27,136.24,130.23,139.9
9,belo-horizonte-mg-rio-de-janeiro-rj,2026-03-16,153.06,156.69,169.99,169.99
15,rio-de-janeiro-rj-vitoria-es,2026-03-22,124.22,130.22,121.45,129.89
12,rio-de-janeiro-rj-vitoria-es,2026-03-19,128.98,135.22,129.9,138.76
11,sao-jose-dos-campos-sp-sao-paulo-sp,2026-03-18,47.07,47.07,47.75,47.75
14,ribeirao-preto-sp-sao-paulo-sp,2026-03-22,167.99,170.67,158.9,158.9
8,rio-de-janeiro-rj-vitoria-es,2026-03-17,119.15,130.32,109.1,127.55
10,rio-de-janeiro-rj-sao-paulo-sp,2026-03-20,105.97,108.68,102.98,108.43
9,sao-jose-dos-campos-sp-sao-paulo-sp,2026-03-19,46.22,46.71,47.8,47.75
8,campinas-sp-sao-paulo-sp,2026-03-20,55.41,55.44,56.15,56.2
4,governador-valadares-mg-sao-paulo-sp,2026-03-18,251.85,257.33,256.99,249.87
6,rio-de-janeiro-rj-vitoria-es,2026-03-21,133.61,149.16,129.9,145.9
1,governador-valadares-mg-sao-paulo-sp,2026-03-17,248.89,250.52,265.95,253.13
2,campinas-sp-rio-de-janeiro-rj,2026-03-19,149.2,138.06,139.99,132.9
8,belo-horizonte-mg-brasilia-df,2026-03-17,227.37,215.0,235.58,228.98
27,rio-de-janeiro-rj-uberlandia-mg,2026-03-21,243.36,238.35,237.99,237.99
22,belo-horizonte-mg-governador-valadares-mg,2026-03-17,98.59,100.55,64.92,65.16
22,rio-de-janeiro-rj-vitoria-es,2026-03-21,124.72,146.78,115.89,135.89
15,sao-paulo-sp-vitoria-es,2026-03-18,265.57,225.37,275.44,235.98
15,campinas-sp-sao-paulo-sp,2026-03-20,55.32,54.76,56.2,56.2
16,belo-horizonte-mg-sao-paulo-sp,2026-03-22,156.65,186.26,133.99,179.99
14,rio-de-janeiro-rj-sao-paulo-sp,2026-03-21,100.44,104.93,100.49,103.42
14,belo-horizonte-mg-montes-claros-mg,2026-03-22,150.39,183.96,132.63,171.66
9,campinas-sp-rio-de-janeiro-rj,2026-03-17,156.81,158.31,157.49,159.99
12,rio-de-janeiro-rj-sao-paulo-sp,2026-03-20,105.63,109.56,102.98,108.42
8,ribeirao-preto-sp-sao-paulo-sp,2026-03-17,157.5,159.15,155.3,158.9
1,belo-horizonte-mg-rio-de-janeiro-rj,2026-03-18,139.78,155.61,139.99,149.9
19,belo-horizonte-mg-rio-de-janeiro-rj,2026-03-18,95.87,99.78,99.99,99.99
17,belo-horizonte-mg-rio-de-janeiro-rj,2026-03-18,101.76,100.03,99.99,99.99
14,sao-jose-dos-campos-sp-sao-paulo-sp,2026-03-16,40.6,47.24,39.0,47.75
15,ribeirao-preto-sp-sao-paulo-sp,2026-03-18,161.46,156.75,158.9,155.3
12,campinas-sp-rio-de-janeiro-rj,2026-03-16,149.54,147.99,143.9,159.99
18,ribeirao-preto-sp-sao-paulo-sp,2026-03-22,167.29,168.91,158.9,158.9
17,rio-de-janeiro-rj-sao-paulo-sp,2026-03-21,100.54,99.85,95.45,94.99
15,ribeirao-preto-sp-sao-paulo-sp,2026-03-20,169.98,169.33,158.9,158.9
15,belo-horizonte-mg-uberlandia-mg,2026-03-21,116.07,122.84,88.65,101.52
11,ribeirao-preto-sp-sao-paulo-sp,2026-03-18,157.88,157.76,155.3,155.3
9,rio-de-janeiro-rj-vitoria-es,2026-03-18,124.03,132.44,119.91,137.61
9,belo-horizonte-mg-brasilia-df,2026-03-19,234.6,222.42,228.98,226.99
7,rio-de-janeiro-rj-vitoria-es,2026-03-18,121.36,134.06,119.91,138.76
6,belo-horizonte-mg-rio-de-janeiro-rj,2026-03-21,120.01,111.78,109.99,109.99
6,governador-valadares-mg-sao-paulo-sp,2026-03-21,243.12,265.8,248.86,255.05
4,sao-paulo-sp-vitoria-es,2026-03-19,256.77,237.83,248.14,233.51
22,campinas-sp-sao-paulo-sp,2026-03-17,54.69,55.02,56.2,56.2
22,belo-horizonte-mg-cabo-frio-rj,2026-03-20,184.3,138.33,185.4,139.9
20,rio-de-janeiro-rj-sao-paulo-sp,2026-03-21,99.36,101.59,100.98,95.45
14,sao-paulo-sp-vitoria-es,2026-03-17,242.11,231.37,239.91,239.9
16,sao-jose-dos-campos-sp-sao-paulo-sp,2026-03-20,47.17,47.17,47.75,47.75
10,sao-jose-dos-campos-sp-sao-paulo-sp,2026-03-19,50.6,48.32,50.3,50.25
9,sao-jose-dos-campos-sp-sao-paulo-sp,2026-03-21,52.44,47.83,50.3,47.75
5,belo-horizonte-mg-brasilia-df,2026-03-19,255.76,226.67,244.49,226.99
7,belo-horizonte-mg-cabo-frio-rj,2026-03-22,253.74,239.59,266.99,255.49
24,belo-horizonte-mg-uberlandia-mg,2026-03-18,117.14,128.36,88.44,88.4
27,ribeirao-preto-sp-sao-paulo-sp,2026-03-22,166.52,169.78,158.9,158.9
25,belo-horizonte-mg-brasilia-df,2026-03-22,241.11,262.91,235.58,243.45
17,belo-horizonte-mg-cabo-frio-rj,2026-03-17,212.33,158.79,219.9,149.9
19,rio-de-janeiro-rj-sao-paulo-sp,2026-03-22,100.58,111.0,94.99,109.99
12,rio-de-janeiro-rj-uberlandia-mg,2026-03-16,238.17,244.85,225.98,239.47
10,belo-horizonte-mg-rio-de-janeiro-rj,2026-03-18,109.53,111.98,109.99,109.99
10,rio-de-janeiro-rj-sao-paulo-sp,2026-03-18,102.25,105.21,99.91,99.99
11,rio-de-janeiro-rj-vitoria-es,2026-03-19,129.78,134.43,119.89,138.76
7,rio-de-janeiro-rj-vitoria-es,2026-03-17,116.48,128.77,109.1,127.55
6,sao-jose-dos-campos-sp-sao-paulo-sp,2026-03-18,50.57,46.1,50.3,47.75
4,belo-horizonte-mg-cabo-frio-rj,2026-03-20,259.79,177.14,267.99,176.99
3,ribeirao-preto-sp-sao-paulo-sp,2026-03-21,160.66,157.59,158.9,155.3
1,rio-de-janeiro-rj-sao-paulo-sp,2026-03-20,133.89,119.36,139.99,123.42
23,rio-de-janeiro-rj-sao-paulo-sp,2026-03-18,104.55,105.12,103.43,100.87
26,belo-horizonte-mg-governador-valadares-mg,2026-03-22,117.11,107.38,101.26,65.85
20,ribeirao-preto-sp-sao-paulo-sp,2026-03-18,160.71,160.25,158.9,158.9
11,governador-valadares-mg-sao-paulo-sp,2026-03-16,257.79,236.5,256.96,245.91
12,rio-de-janeiro-rj-vitoria-es,2026-03-17,142.47,135.1,130.23,139.9
15,belo-horizonte-mg-cabo-frio-rj,2026-03-22,245.03,209.57,219.9,219.9
15,sao-jose-dos-campos-sp-sao-paulo-sp,2026-03-22,46.85,47.07,47.8,47.75
8,belo-horizonte-mg-rio-de-janeiro-rj,2026-03-16,147.61,156.94,169.99,169.99
10,belo-horizonte-mg-brasilia-df,2026-03-19,234.6,222.42,228.98,226.99
6,ipatinga-mg-vitoria-es,2026-03-16,95.78,117.67,96.05,105.6
4,rio-de-janeiro-rj-vitoria-es,2026-03-20,136.76,148.21,129.9,148.4
0,belo-horizonte-mg-governador-valadares-mg,2026-03-17,184.15,168.99,184.89,180.87
2,belo-horizonte-mg-sao-paulo-sp,2026-03-20,166.88,191.33,159.99,178.29
1,rio-de-janeiro-rj-uberlandia-mg,2026-03-20,259.18,255.8,231.8,239.97
26,belo-horizonte-mg-montes-claros-mg,2026-03-21,141.15,139.02,141.99,136.54
24,belo-horizonte-mg-governador-valadares-mg,2026-03-20,121.35,104.15,116.5,65.16
24,rio-de-janeiro-rj-sao-paulo-sp,2026-03-20,102.8,106.5,103.43,107.99
20,rio-de-janeiro-rj-vitoria-es,2026-03-18,132.22,154.39,132.17,143.41
16,campinas-sp-sao-paulo-sp,2026-03-17,54.79,55.07,56.2,56.2
15,rio-de-janeiro-rj-uberlandia-mg,2026-03-16,241.49,245.48,238.97,239.47
14,belo-horizonte-mg-montes-claros-mg,2026-03-18,148.54,173.42,130.29,141.99
12,sao-paulo-sp-vitoria-es,2026-03-19,249.1,230.08,239.92,232.05
9,belo-horizonte-mg-cabo-frio-rj,2026-03-19,216.08,177.56,219.9,179.99
5,belo-horizonte-mg-sao-paulo-sp,2026-03-16,173.74,181.23,159.99,174.99
7,governador-valadares-mg-sao-paulo-sp,2026-03-21,242.31,263.56,248.86,253.13
7,rio-de-janeiro-rj-uberlandia-mg,2026-03-21,232.58,238.1,223.98,238.98
3,sao-jose-dos-campos-sp-sao-paulo-sp,2026-03-17,47.1,47.07,47.8,47.75
26,rio-de-janeiro-rj-uberlandia-mg,2026-03-22,241.73,238.44,233.98,237.99
20,belo-horizonte-mg-rio-de-janeiro-rj,2026-03-19,109.22,115.52,89.99,119.9
17,belo-horizonte-mg-uberlandia-mg,2026-03-16,104.35,105.09,88.54,88.4
16,belo-horizonte-mg-montes-claros-mg,2026-03-16,147.96,151.05,132.63,139.27
19,belo-horizonte-mg-sao-paulo-sp,2026-03-19,184.8,191.07,184.99,199.99
18,belo-horizonte-mg-brasilia-df,2026-03-19,247.42,257.91,228.98,243.45
21,belo-horizonte-mg-montes-claros-mg,2026-03-22,150.0,154.1,130.3,136.54
19,sao-jose-dos-campos-sp-sao-paulo-sp,2026-03-20,46.22,46.78,47.75,47.75
18,belo-horizonte-mg-rio-de-janeiro-rj,2026-03-20,123.53,124.37,125.95,133.9
13,belo-horizonte-mg-brasilia-df,2026-03-17,228.31,252.81,235.58,254.76
18,rio-de-janeiro-rj-sao-paulo-sp,2026-03-22,102.37,106.04,97.49,104.99
12,belo-horizonte-mg-cabo-frio-rj,2026-03-20,206.9,164.9,199.9,169.9
8,campinas-sp-sao-paulo-sp,2026-03-18,55.04,55.36,56.2,56.5
9,ipatinga-mg-vitoria-es,2026-03-21,94.91,90.0,94.83,90.04
4,sao-paulo-sp-vitoria-es,2026-03-16,236.6,239.03,236.7,232.78
9,belo-horizonte-mg-montes-claros-mg,2026-03-22,150.85,189.72,134.97,181.79
8,sao-paulo-sp-vitoria-es,2026-03-21,234.41,229.05,242.55,232.05
26,governador-valadares-mg-sao-paulo-sp,2026-03-21,256.49,272.1,253.1,263.97
26,belo-horizonte-mg-brasilia-df,2026-03-22,228.77,262.91,228.98,243.45
18,belo-horizonte-mg-uberlandia-mg,2026-03-16,114.58,105.09,88.6,88.4
20,sao-jose-dos-campos-sp-sao-paulo-sp,2026-03-18,47.07,47.07,47.75,47.75
19,belo-horizonte-mg-cabo-frio-rj,2026-03-20,190.68,144.01,199.9,139.9
19,belo-horizonte-mg-cabo-frio-rj,2026-03-22,175.57,207.4,179.9,219.9
16,governador-valadares-mg-sao-paulo-sp,2026-03-22,249.65,230.11,248.75,208.45
11,rio-de-janeiro-rj-sao-paulo-sp,2026-03-17,101.44,107.95,99.9,104.99
11,belo-horizonte-mg-brasilia-df,2026-03-21,247.07,230.14,231.97,228.98
3,rio-de-janeiro-rj-sao-paulo-sp,2026-03-17,123.37,116.89,119.99,118.36
24,belo-horizonte-mg-rio-de-janeiro-rj,2026-03-18,87.5,91.36,69.99,99.99
21,rio-de-janeiro-rj-vitoria-es,2026-03-16,124.83,195.75,127.55,181.27
17,campinas-sp-sao-paulo-sp,2026-03-16,55.2,54.54,56.2,56.2
20,belo-horizonte-mg-montes-claros-mg,2026-03-21,133.58,142.14,130.29,141.99
17,campinas-sp-rio-de-janeiro-rj,2026-03-19,146.79,149.73,139.99,150.9
18,rio-de-janeiro-rj-vitoria-es,2026-03-20,138.72,150.58,129.9,137.61
12,rio-de-janeiro-rj-uberlandia-mg,2026-03-17,232.68,239.08,231.48,238.98
13,rio-de-janeiro-rj-sao-paulo-sp,2026-03-20,103.43,106.98,101.99,104.99
11,belo-horizonte-mg-cabo-frio-rj,2026-03-19,211.15,169.98,219.9,150.9
11,belo-horizonte-mg-rio-de-janeiro-rj,2026-03-19,155.62,156.97,169.99,169.99
9,sao-jose-dos-campos-sp-sao-paulo-sp,2026-03-17,47.09,47.07,47.8,47.75
11,campinas-sp-rio-de-janeiro-rj,2026-03-20,161.98,157.37,159.99,159.99
4,rio-de-janeiro-rj-uberlandia-mg,2026-03-17,230.63,239.85,225.98,239.47
6,rio-de-janeiro-rj-uberlandia-mg,2026-03-19,230.73,239.31,224.98,238.48
5,ipatinga-mg-vitoria-es,2026-03-22,102.56,115.67,102.56,114.07
5,rio-de-janeiro-rj-sao-paulo-sp,2026-03-22,128.61,116.12,132.99,119.99
28,rio-de-janeiro-rj-sao-paulo-sp,2026-03-22,104.9,106.42,104.99,107.99
17,ribeirao-preto-sp-sao-paulo-sp,2026-03-17,158.42,159.48,155.3,158.9
19,sao-paulo-sp-vitoria-es,2026-03-22,247.25,253.7,302.27,232.05
18,rio-de-janeiro-rj-uberlandia-mg,2026-03-22,234.73,238.84,227.49,238.97
13,campinas-sp-sao-paulo-sp,2026-03-18,55.26,54.86,56.2,56.2
15,sao-jose-dos-campos-sp-sao-paulo-sp,2026-03-21,41.16,47.83,39.0,47.75
13,governador-valadares-mg-sao-paulo-sp,2026-03-20,258.93,227.31,260.99,225.91
8,belo-horizonte-mg-rio-de-janeiro-rj,2026-03-18,110.97,111.97,109.99,109.99
6,sao-jose-dos-campos-sp-sao-paulo-sp,2026-03-17,46.14,47.07,47.8,47.75
7,sao-paulo-sp-vitoria-es,2026-03-18,224.34,225.96,232.05,230.5
6,belo-horizonte-mg-sao-paulo-sp,2026-03-18,206.05,177.25,199.99,159.99
6,belo-horizonte-mg-cabo-frio-rj,2026-03-19,263.78,174.45,269.99,176.99
3,sao-paulo-sp-vitoria-es,2026-03-16,247.76,246.53,248.14,233.51
6,belo-horizonte-mg-brasilia-df,2026-03-22,260.99,231.2,240.97,226.99
5,campinas-sp-rio-de-janeiro-rj,2026-03-21,162.54,163.36,162.49,159.99
3,rio-de-janeiro-rj-vitoria-es,2026-03-19,132.8,145.29,128.73,145.9
3,rio-de-janeiro-rj-uberlandia-mg,2026-03-21,240.98,239.98,230.99,238.48
2,sao-jose-dos-campos-sp-sao-paulo-sp,2026-03-21,47.86,46.67,47.8,44.25
1,belo-horizonte-mg-cabo-frio-rj,2026-03-22,294.16,249.72,259.9,270.49
24,rio-de-janeiro-rj-vitoria-es,2026-03-20,115.61,158.47,109.89,181.27
21,campinas-sp-sao-paulo-sp,2026-03-21,55.24,55.46,56.2,56.2
22,rio-de-janeiro-rj-uberlandia-mg,2026-03-22,239.55,238.62,237.99,237.99
17,belo-horizonte-mg-brasilia-df,2026-03-18,248.0,257.95,227.87,242.95
14,governador-valadares-mg-sao-paulo-sp,2026-03-16,267.84,266.71,257.88,263.97
18,ribeirao-preto-sp-sao-paulo-sp,2026-03-20,170.48,169.92,158.9,158.9
13,sao-jose-dos-campos-sp-sao-paulo-sp,2026-03-16,44.98,47.24,46.0,47.75
16,belo-horizonte-mg-rio-de-janeiro-rj,2026-03-21,103.0,102.72,99.99,99.99
16,sao-paulo-sp-vitoria-es,2026-03-22,244.28,232.28,299.04,228.8
10,governador-valadares-mg-sao-paulo-sp,2026-03-18,259.42,234.08,256.99,227.05
10,sao-jose-dos-campos-sp-sao-paulo-sp,2026-03-18,47.07,46.1,47.75,47.75
8,sao-paulo-sp-vitoria-es,2026-03-20,224.51,249.47,230.0,232.05
8,rio-de-janeiro-rj-uberlandia-mg,2026-03-21,234.4,238.98,224.98,238.48
0,belo-horizonte-mg-sao-paulo-sp,2026-03-22,159.99,175.32,159.99,171.59
20,belo-horizonte-mg-rio-de-janeiro-rj,2026-03-18,92.58,95.48,99.99,99.99
24,sao-jose-dos-campos-sp-sao-paulo-sp,2026-03-22,47.01,46.66,47.75,47.75
23,sao-jose-dos-campos-sp-sao-paulo-sp,2026-03-21,46.79,47.83,47.25,47.75
23,belo-horizonte-mg-governador-valadares-mg,2026-03-22,118.97,111.78,101.26,101.14
16,rio-de-janeiro-rj-sao-paulo-sp,2026-03-16,100.99,106.37,94.99,104.99
20,campinas-sp-rio-de-janeiro-rj,2026-03-21,157.36,159.31,159.99,159.99
16,rio-de-janeiro-rj-vitoria-es,2026-03-17,131.26,147.17,129.9,133.76
15,campinas-sp-rio-de-janeiro-rj,2026-03-21,159.51,157.15,159.99,159.99
15,belo-horizonte-mg-sao-paulo-sp,2026-03-22,164.59,180.74,159.99,174.99
14,belo-horizonte-mg-governador-valadares-mg,2026-03-22,139.39,123.07,129.33,116.29
5,belo-horizonte-mg-montes-claros-mg,2026-03-19,151.98,158.5,132.63,141.99
1,belo-horizonte-mg-uberlandia-mg,2026-03-16,190.54,181.13,193.14,189.49
4,belo-horizonte-mg-cabo-frio-rj,2026-03-21,237.24,189.24,239.49,190.99
5,campinas-sp-sao-paulo-sp,2026-03-22,55.55,55.88,56.2,56.2
1,belo-horizonte-mg-brasilia-df,2026-03-22,237.1,260.4,238.52,246.99
24,rio-de-janeiro-rj-vitoria-es,2026-03-18,122.86,158.3,118.73,163.59
26,ribeirao-preto-sp-sao-paulo-sp,2026-03-22,175.89,169.78,173.4,158.9
21,belo-horizonte-mg-sao-paulo-sp,2026-03-19,174.23,186.47,159.99,174.99
19,belo-horizonte-mg-uberlandia-mg,2026-03-19,91.97,103.15,88.33,88.33
17,campinas-sp-rio-de-janeiro-rj,2026-03-17,153.57,151.17,159.99,159.99
19,belo-horizonte-mg-sao-paulo-sp,2026-03-21,171.84,193.55,159.99,189.99
16,belo-horizonte-mg-uberlandia-mg,2026-03-18,117.14,146.12,88.44,88.65
16,belo-horizonte-mg-montes-claros-mg,2026-03-20,149.93,157.8,130.29,141.99
16,belo-horizonte-mg-governador-valadares-mg,2026-03-22,136.24,122.22,118.55,108.74
8,belo-horizonte-mg-sao-paulo-sp,2026-03-16,159.62,180.34,149.99,174.99
13,belo-horizonte-mg-uberlandia-mg,2026-03-21,116.07,122.36,88.65,101.52
8,belo-horizonte-mg-sao-paulo-sp,2026-03-18,182.83,183.6,174.99,174.99
6,belo-horizonte-mg-uberlandia-mg,2026-03-17,108.65,121.06,88.33,88.65
6,belo-horizonte-mg-sao-paulo-sp,2026-03-19,199.15,184.81,185.57,179.99
4,rio-de-janeiro-rj-vitoria-es,2026-03-19,132.8,132.19,128.73,139.91
4,ribeirao-preto-sp-sao-paulo-sp,2026-03-20,167.25,166.67,158.9,158.9
1,ipatinga-mg-vitoria-es,2026-03-19,86.64,106.37,84.66,102.27
1,rio-de-janeiro-rj-sao-paulo-sp,2026-03-21,130.62,115.27,133.95,119.99
14,ipatinga-mg-vitoria-es,2026-03-17,90.93,93.67,90.93,94.06
12,sao-paulo-sp-vitoria-es,2026-03-16,258.24,341.72,305.5,363.74
14,belo-horizonte-mg-montes-claros-mg,2026-03-20,146.3,158.78,124.84,141.99
11,rio-de-janeiro-rj-vitoria-es,2026-03-18,121.25,133.51,109.1,137.61
10,sao-paulo-sp-vitoria-es,2026-03-18,222.67,234.23,234.36,239.91
13,governador-valadares-mg-sao-paulo-sp,2026-03-22,253.52,231.25,256.96,217.18
10,belo-horizonte-mg-brasilia-df,2026-03-20,238.9,227.6,228.98,226.99
6,ribeirao-preto-sp-sao-paulo-sp,2026-03-16,158.75,158.72,155.3,155.3
4,sao-jose-dos-campos-sp-sao-paulo-sp,2026-03-16,49.39,47.24,47.8,47.75
2,belo-horizonte-mg-sao-paulo-sp,2026-03-16,159.65,189.7,154.99,179.99
5,governador-valadares-mg-sao-paulo-sp,2026-03-19,242.61,246.37,235.94,249.87
5,governador-valadares-mg-sao-paulo-sp,2026-03-22,249.13,249.77,243.42,251.5
1,sao-paulo-sp-vitoria-es,2026-03-18,259.42,242.03,250.87,239.91
21,belo-horizonte-mg-brasilia-df,2026-03-17,209.07,259.78,240.97,266.06
22,belo-horizonte-mg-cabo-frio-rj,2026-03-19,201.19,161.61,199.9,159.9
14,ribeirao-preto-sp-sao-paulo-sp,2026-03-18,159.25,154.72,158.9,155.3
8,belo-horizonte-mg-uberlandia-mg,2026-03-16,113.75,120.85,88.6,101.41
9,belo-horizonte-mg-governador-valadares-mg,2026-03-19,129.71,124.69,127.56,117.63
9,belo-horizonte-mg-uberlandia-mg,2026-03-20,160.99,116.25,163.23,101.41
9,campinas-sp-sao-paulo-sp,2026-03-20,55.7,55.36,56.2,56.2
9,governador-valadares-mg-sao-paulo-sp,2026-03-21,247.0,232.2,239.9,225.91
4,belo-horizonte-mg-rio-de-janeiro-rj,2026-03-18,127.81,128.69,130.37,139.9
4,belo-horizonte-mg-sao-paulo-sp,2026-03-20,169.32,183.8,159.99,164.99
4,belo-horizonte-mg-sao-paulo-sp,2026-03-21,176.33,176.74,163.9,159.99
4,rio-de-janeiro-rj-vitoria-es,2026-03-22,134.7,140.59,129.9,136.9
25,governador-valadares-mg-sao-paulo-sp,2026-03-19,243.27,270.61,249.87,257.97
23,belo-horizonte-mg-governador-valadares-mg,2026-03-21,102.55,100.91,65.16,64.92
19,belo-horizonte-mg-sao-paulo-sp,2026-03-17,164.65,183.97,154.99,174.99
16,belo-horizonte-mg-sao-paulo-sp,2026-03-18,163.71,184.99,137.05,174.99
16,belo-horizonte-mg-brasilia-df,2026-03-22,247.07,250.27,232.28,228.98
11,rio-de-janeiro-rj-uberlandia-mg,2026-03-17,235.09,237.87,232.99,238.99
8,rio-de-janeiro-rj-sao-paulo-sp,2026-03-16,104.99,111.01,99.99,107.16
5,governador-valadares-mg-sao-paulo-sp,2026-03-16,252.92,239.03,256.96,239.92
5,belo-horizonte-mg-uberlandia-mg,2026-03-17,103.17,119.85,88.33,101.41
6,campinas-sp-rio-de-janeiro-rj,2026-03-18,152.97,143.27,149.99,139.99
6,belo-horizonte-mg-brasilia-df,2026-03-20,259.19,239.38,239.48,226.99
0,campinas-sp-rio-de-janeiro-rj,2026-03-17,119.99,99.99,119.99,99.99
2,sao-jose-dos-campos-sp-sao-paulo-sp,2026-03-19,47.16,46.07,47.8,44.25
3,governador-valadares-mg-sao-paulo-sp,2026-03-21,244.81,261.46,248.86,258.73
1,campinas-sp-sao-paulo-sp,2026-03-20,55.52,55.49,56.2,56.2
28,belo-horizonte-mg-sao-paulo-sp,2026-03-22,186.26,189.34,174.99,184.99
23,rio-de-janeiro-rj-uberlandia-mg,2026-03-17,239.11,239.43,238.98,238.97
27,ipatinga-mg-vitoria-es,2026-03-22,96.09,91.56,94.06,94.06
25,campinas-sp-sao-paulo-sp,2026-03-22,55.73,55.25,56.2,56.2
19,sao-jose-dos-campos-sp-sao-paulo-sp,2026-03-17,50.54,46.66,50.25,47.75
20,rio-de-janeiro-rj-sao-paulo-sp,2026-03-20,102.08,105.4,100.98,104.99
15,rio-de-janeiro-rj-sao-paulo-sp,2026-03-17,97.18,102.49,92.6,96.98
15,sao-jose-dos-campos-sp-sao-paulo-sp,2026-03-19,47.12,44.79,47.75,46.0
11,rio-de-janeiro-rj-sao-paulo-sp,2026-03-19,106.34,108.49,104.99,108.42
8,sao-jose-dos-campos-sp-sao-paulo-sp,2026-03-17,48.32,48.29,50.25,50.25
11,sao-paulo-sp-vitoria-es,2026-03-20,217.01,251.54,228.8,232.05
11,rio-de-janeiro-rj-sao-paulo-sp,2026-03-21,102.46,106.54,101.98,104.99
8,belo-horizonte-mg-sao-paulo-sp,2026-03-20,193.0,177.68,184.99,169.99
4,campinas-sp-sao-paulo-sp,2026-03-20,55.55,55.24,56.2,56.2
3,belo-horizonte-mg-uberlandia-mg,2026-03-20,204.96,156.1,191.73,163.12
25,rio-de-janeiro-rj-uberlandia-mg,2026-03-21,229.49,238.62,229.49,237.99
20,rio-de-janeiro-rj-vitoria-es,2026-03-16,125.56,187.75,127.55,175.59
19,campinas-sp-rio-de-janeiro-rj,2026-03-17,147.6,150.38,147.49,159.99
19,ipatinga-mg-vitoria-es,2026-03-20,93.66,92.49,94.06,94.06
17,ipatinga-mg-vitoria-es,2026-03-22,101.78,100.62,99.93,98.74
11,belo-horizonte-mg-governador-valadares-mg,2026-03-19,116.37,113.72,101.26,101.26
12,governador-valadares-mg-sao-paulo-sp,2026-03-20,257.96,227.31,258.8,225.91
9,rio-de-janeiro-rj-sao-paulo-sp,2026-03-17,101.47,108.22,99.9,104.99
6,belo-horizonte-mg-brasilia-df,2026-03-16,235.45,233.8,236.12,234.23
8,belo-horizonte-mg-cabo-frio-rj,2026-03-18,261.55,177.56,261.49,179.99
7,governador-valadares-mg-sao-paulo-sp,2026-03-20,249.1,233.27,246.68,239.92
8,rio-de-janeiro-rj-vitoria-es,2026-03-21,125.21,143.65,127.55,139.91
2,ribeirao-preto-sp-sao-paulo-sp,2026-03-16,161.72,160.18,158.9,157.1
0,ribeirao-preto-sp-sao-paulo-sp,2026-03-16,155.3,155.85,155.3,155.3
2,belo-horizonte-mg-sao-paulo-sp,2026-03-19,182.41,176.38,179.99,161.9
23,governador-valadares-mg-sao-paulo-sp,2026-03-19,240.87,273.28,241.83,257.97
23,belo-horizonte-mg-brasilia-df,2026-03-22,246.29,262.96,228.98,243.45
20,rio-de-janeiro-rj-vitoria-es,2026-03-21,126.25,153.32,125.65,136.91
12,governador-valadares-mg-sao-paulo-sp,2026-03-16,260.36,236.5,256.96,245.91
9,rio-de-janeiro-rj-sao-paulo-sp,2026-03-20,105.37,107.37,102.98,108.42
7,governador-valadares-mg-sao-paulo-sp,2026-03-19,242.22,225.99,239.78,213.89
8,ribeirao-preto-sp-sao-paulo-sp,2026-03-20,165.31,169.15,158.9,158.9
9,ribeirao-preto-sp-sao-paulo-sp,2026-03-21,158.1,157.73,158.9,155.3
9,rio-de-janeiro-rj-vitoria-es,2026-03-22,121.17,138.02,109.9,139.9
7,sao-paulo-sp-vitoria-es,2026-03-20,238.3,253.61,247.97,233.51
1,rio-de-janeiro-rj-uberlandia-mg,2026-03-16,223.53,255.31,223.98,258.97
2,belo-horizonte-mg-cabo-frio-rj,2026-03-21,227.37,193.13,232.49,208.99
1,sao-jose-dos-campos-sp-sao-paulo-sp,2026-03-22,46.87,48.24,47.8,47.75
24,campinas-sp-rio-de-janeiro-rj,2026-03-18,142.65,146.47,132.9,144.2
27,sao-paulo-sp-vitoria-es,2026-03-21,180.06,260.36,178.25,258.83
25,governador-valadares-mg-sao-paulo-sp,2026-03-20,248.22,269.64,251.5,258.83
20,belo-horizonte-mg-uberlandia-mg,2026-03-16,114.58,104.18,88.6,88.4
26,sao-paulo-sp-vitoria-es,2026-03-22,196.22,297.85,209.63,334.8
21,belo-horizonte-mg-cabo-frio-rj,2026-03-19,195.9,151.8,199.9,149.9
17,belo-horizonte-mg-rio-de-janeiro-rj,2026-03-19,131.94,134.91,139.99,139.99
15,belo-horizonte-mg-cabo-frio-rj,2026-03-19,208.33,169.9,219.9,169.9
16,sao-jose-dos-campos-sp-sao-paulo-sp,2026-03-21,47.41,47.83,47.75,47.75
11,ribeirao-preto-sp-sao-paulo-sp,2026-03-17,160.1,157.76,158.9,155.3
10,sao-paulo-sp-vitoria-es,2026-03-20,217.57,251.54,228.8,232.05
3,governador-valadares-mg-sao-paulo-sp,2026-03-18,251.99,252.8,256.99,251.5
1,sao-paulo-sp-vitoria-es,2026-03-16,251.38,283.43,249.51,239.9
2,belo-horizonte-mg-montes-claros-mg,2026-03-20,162.93,163.97,141.99,136.54
0,belo-horizonte-mg-governador-valadares-mg,2026-03-20,189.91,172.93,188.91,184.61
24,belo-horizonte-mg-brasilia-df,2026-03-18,258.89,256.59,235.21,242.95
21,ipatinga-mg-vitoria-es,2026-03-16,92.93,90.0,90.04,90.04
22,campinas-sp-sao-paulo-sp,2026-03-18,56.56,54.57,56.2,56.2
15,belo-horizonte-mg-montes-claros-mg,2026-03-16,147.96,148.96,132.63,141.99
15,rio-de-janeiro-rj-uberlandia-mg,2026-03-20,244.34,250.04,225.98,239.97
13,belo-horizonte-mg-cabo-frio-rj,2026-03-21,200.4,180.04,199.9,189.9
6,campinas-sp-sao-paulo-sp,2026-03-18,54.75,54.95,56.2,56.2
10,governador-valadares-mg-sao-paulo-sp,2026-03-22,241.5,226.46,239.77,208.45
2,belo-horizonte-mg-uberlandia-mg,2026-03-16,165.13,157.62,163.5,163.23
3,belo-horizonte-mg-uberlandia-mg,2026-03-17,144.39,131.64,95.22,132.46
3,ipatinga-mg-vitoria-es,2026-03-17,99.19,107.4,99.19,114.07
5,rio-de-janeiro-rj-uberlandia-mg,2026-03-19,229.98,239.38,223.98,237.99
6,rio-de-janeiro-rj-vitoria-es,2026-03-22,131.27,142.75,129.9,142.28
4,ribeirao-preto-sp-sao-paulo-sp,2026-03-22,164.71,169.27,158.9,158.9
3,rio-de-janeiro-rj-sao-paulo-sp,2026-03-21,128.14,115.25,124.99,119.9
22,sao-paulo-sp-vitoria-es,2026-03-16,188.0,350.01,209.63,439.99
24,belo-horizonte-mg-governador-valadares-mg,2026-03-19,115.67,103.74,108.74,65.73
18,campinas-sp-sao-paulo-sp,2026-03-16,55.47,54.87,56.5,56.2
23,belo-horizonte-mg-sao-paulo-sp,2026-03-22,186.44,189.34,174.99,184.99
20,governador-valadares-mg-sao-paulo-sp,2026-03-19,246.44,261.78,241.83,257.81
16,belo-horizonte-mg-rio-de-janeiro-rj,2026-03-18,103.38,100.03,99.99,99.99
16,belo-horizonte-mg-uberlandia-mg,2026-03-21,105.42,122.84,88.65,101.52
11,ipatinga-mg-vitoria-es,2026-03-16,95.66,116.03,95.51,101.92
7,ipatinga-mg-vitoria-es,2026-03-16,97.54,121.69,98.39,101.92
6,belo-horizonte-mg-uberlandia-mg,2026-03-16,125.75,114.34,88.65,88.65
6,belo-horizonte-mg-montes-claros-mg,2026-03-21,133.49,142.21,134.97,141.99
7,belo-horizonte-mg-uberlandia-mg,2026-03-22,206.83,231.94,193.19,224.73
1,governador-valadares-mg-sao-paulo-sp,2026-03-16,243.15,270.45,238.99,256.96
4,governador-valadares-mg-sao-paulo-sp,2026-03-22,251.07,250.28,254.89,257.88
21,governador-valadares-mg-sao-paulo-sp,2026-03-20,252.04,259.75,250.32,263.97
17,governador-valadares-mg-sao-paulo-sp,2026-03-17,248.21,259.6,256.96,256.96
19,ipatinga-mg-vitoria-es,2026-03-19,99.33,90.93,98.74,90.93
15,belo-horizonte-mg-cabo-frio-rj,2026-03-21,199.15,174.61,199.9,169.9
1,belo-horizonte-mg-sao-paulo-sp,2026-03-16,163.24,191.18,159.99,179.14
2,belo-horizonte-mg-uberlandia-mg,2026-03-17,156.9,147.97,163.18,163.23
4,belo-horizonte-mg-brasilia-df,2026-03-22,262.37,250.66,242.55,235.58
25,belo-horizonte-mg-uberlandia-mg,2026-03-20,110.94,102.9,88.54,88.4
25,ribeirao-preto-sp-sao-paulo-sp,2026-03-20,168.89,170.16,158.9,158.9
20,ipatinga-mg-vitoria-es,2026-03-16,92.93,92.89,90.04,93.17
18,belo-horizonte-mg-cabo-frio-rj,2026-03-16,183.23,178.5,174.9,179.9
17,belo-horizonte-mg-governador-valadares-mg,2026-03-16,112.19,119.12,101.02,108.78
23,sao-paulo-sp-vitoria-es,2026-03-22,249.5,229.69,305.5,228.8
19,sao-paulo-sp-vitoria-es,2026-03-18,249.15,211.46,275.44,228.8
16,sao-paulo-sp-vitoria-es,2026-03-16,239.56,338.35,232.05,441.37
13,ribeirao-preto-sp-sao-paulo-sp,2026-03-18,159.25,157.85,158.9,155.3
15,sao-jose-dos-campos-sp-sao-paulo-sp,2026-03-20,47.17,47.17,47.75,47.75
13,belo-horizonte-mg-brasilia-df,2026-03-19,245.35,243.22,228.98,226.99
10,rio-de-janeiro-rj-sao-paulo-sp,2026-03-17,101.94,108.42,99.9,104.99
10,campinas-sp-rio-de-janeiro-rj,2026-03-21,160.81,165.68,159.99,159.99
7,sao-jose-dos-campos-sp-sao-paulo-sp,2026-03-20,47.2,46.22,47.8,47.75
5,belo-horizonte-mg-rio-de-janeiro-rj,2026-03-19,150.1,160.64,139.99,169.99
3,belo-horizonte-mg-governador-valadares-mg,2026-03-22,165.45,162.55,172.39,179.46
8,belo-horizonte-mg-brasilia-df,2026-03-20,222.03,230.78,227.99,230.99
25,belo-horizonte-mg-montes-claros-mg,2026-03-19,157.04,154.32,141.99,141.99
27,campinas-sp-rio-de-janeiro-rj,2026-03-21,152.23,157.2,159.99,159.99
27,ipatinga-mg-vitoria-es,2026-03-21,90.0,90.0,90.04,90.04
26,campinas-sp-sao-paulo-sp,2026-03-22,56.07,55.31,56.2,56.2
21,sao-paulo-sp-vitoria-es,2026-03-19,190.73,238.84,209.76,239.9
20,ipatinga-mg-vitoria-es,2026-03-21,90.0,90.0,90.04,90.04
15,belo-horizonte-mg-brasilia-df,2026-03-18,245.83,239.86,225.99,234.72
9,rio-de-janeiro-rj-sao-paulo-sp,2026-03-16,103.78,111.39,99.91,104.99
6,campinas-sp-rio-de-janeiro-rj,2026-03-16,144.66,146.21,139.99,138.21
8,governador-valadares-mg-sao-paulo-sp,2026-03-19,248.63,227.27,240.88,225.91
8,campinas-sp-rio-de-janeiro-rj,2026-03-20,149.54,155.79,149.99,159.99
8,rio-de-janeiro-rj-uberlandia-mg,2026-03-20,237.94,241.68,224.98,238.97
5,belo-horizonte-mg-governador-valadares-mg,2026-03-18,131.15,144.95,118.79,149.91
6,belo-horizonte-mg-cabo-frio-rj,2026-03-22,253.74,228.22,266.99,230.99
1,belo-horizonte-mg-montes-claros-mg,2026-03-18,164.35,218.8,138.48,212.23
3,sao-paulo-sp-vitoria-es,2026-03-22,240.6,240.67,245.39,233.51
25,belo-horizonte-mg-brasilia-df,2026-03-19,243.27,257.27,236.21,243.45
26,belo-horizonte-mg-governador-valadares-mg,2026-03-21,96.29,99.97,64.92,64.92
24,belo-horizonte-mg-montes-claros-mg,2026-03-19,154.32,155.99,141.99,141.99
24,rio-de-janeiro-rj-uberlandia-mg,2026-03-19,244.48,238.44,238.97,237.99
21,sao-paulo-sp-vitoria-es,2026-03-22,249.5,234.66,305.5,228.8
14,belo-horizonte-mg-brasilia-df,2026-03-16,244.61,250.97,235.58,242.95
15,campinas-sp-rio-de-janeiro-rj,2026-03-17,153.55,153.31,159.99,159.99
20,sao-jose-dos-campos-sp-sao-paulo-sp,2026-03-22,40.24,47.07,39.0,47.75
18,rio-de-janeiro-rj-uberlandia-mg,2026-03-21,234.97,238.84,234.97,238.97
14,sao-paulo-sp-vitoria-es,2026-03-18,254.23,229.12,245.37,235.98
9,belo-horizonte-mg-uberlandia-mg,2026-03-16,107.87,120.85,88.65,101.41
12,campinas-sp-rio-de-janeiro-rj,2026-03-19,148.05,142.76,139.99,139.99
9,ipatinga-mg-vitoria-es,2026-03-16,96.79,116.03,95.51,101.92
10,rio-de-janeiro-rj-vitoria-es,2026-03-17,132.26,133.28,130.22,139.9
10,belo-horizonte-mg-brasilia-df,2026-03-21,255.33,216.49,231.97,220.98
5,sao-paulo-sp-vitoria-es,2026-03-21,220.45,227.34,226.58,232.05
5,belo-horizonte-mg-brasilia-df,2026-03-22,261.35,248.25,242.0,227.99
20,campinas-sp-sao-paulo-sp,2026-03-16,55.52,55.47,56.2,56.2
23,rio-de-janeiro-rj-sao-paulo-sp,2026-03-19,104.05,107.57,103.43,107.99
19,rio-de-janeiro-rj-uberlandia-mg,2026-03-16,245.48,245.78,239.47,238.97
21,belo-horizonte-mg-rio-de-janeiro-rj,2026-03-19,111.34,113.51,109.9,109.9
20,rio-de-janeiro-rj-uberlandia-mg,2026-03-18,237.14,237.14,233.98,237.99
18,belo-horizonte-mg-brasilia-df,2026-03-18,247.54,257.95,227.43,242.95
14,belo-horizonte-mg-montes-claros-mg,2026-03-17,144.91,151.59,124.84,136.54
17,belo-horizonte-mg-sao-paulo-sp,2026-03-20,169.86,190.21,150.9,184.99
8,rio-de-janeiro-rj-uberlandia-mg,2026-03-16,221.99,245.9,220.0,239.47
8,rio-de-janeiro-rj-sao-paulo-sp,2026-03-19,107.37,109.91,104.99,108.43
5,rio-de-janeiro-rj-uberlandia-mg,2026-03-17,230.99,239.75,230.99,239.47
4,belo-horizonte-mg-sao-paulo-sp,2026-03-17,182.05,184.93,174.99,174.99
3,sao-paulo-sp-vitoria-es,2026-03-21,254.88,237.94,248.14,236.7
23,belo-horizonte-mg-uberlandia-mg,2026-03-19,106.83,103.01,88.33,88.19
20,belo-horizonte-mg-cabo-frio-rj,2026-03-17,206.65,161.21,209.9,169.9
22,ribeirao-preto-sp-sao-paulo-sp,2026-03-22,167.29,169.78,158.9,158.9
19,belo-horizonte-mg-montes-claros-mg,2026-03-21,131.42,142.14,130.69,141.99
20,belo-horizonte-mg-rio-de-janeiro-rj,2026-03-22,109.72,111.56,107.35,114.9
12,belo-horizonte-mg-montes-claros-mg,2026-03-16,148.8,154.94,135.76,136.54
12,rio-de-janeiro-rj-sao-paulo-sp,2026-03-16,105.22,107.75,99.99,108.43
13,belo-horizonte-mg-uberlandia-mg,2026-03-22,131.67,143.26,101.66,101.52
6,sao-jose-dos-campos-sp-sao-paulo-sp,2026-03-16,47.28,47.24,47.8,47.75
5,belo-horizonte-mg-brasilia-df,2026-03-17,223.67,231.03,233.22,239.48
4,belo-horizonte-mg-cabo-frio-rj,2026-03-16,236.85,173.09,239.99,162.49
4,belo-horizonte-mg-governador-valadares-mg,2026-03-16,144.63,147.39,136.88,137.33
9,rio-de-janeiro-rj-uberlandia-mg,2026-03-21,234.27,238.89,225.98,238.48
7,rio-de-janeiro-rj-sao-paulo-sp,2026-03-22,116.26,107.32,112.48,105.45
3,belo-horizonte-mg-sao-paulo-sp,2026-03-19,183.97,203.4,179.99,219.99
28,governador-valadares-mg-sao-paulo-sp,2026-03-22,249.0,249.52,253.13,257.97
23,rio-de-janeiro-rj-uberlandia-mg,2026-03-18,240.7,236.99,237.99,237.99
24,governador-valadares-mg-sao-paulo-sp,2026-03-22,241.76,251.77,249.87,257.97
22,sao-paulo-sp-vitoria-es,2026-03-22,257.33,235.02,305.5,228.8
14,belo-horizonte-mg-cabo-frio-rj,2026-03-16,181.6,182.3,177.4,179.9
14,campinas-sp-rio-de-janeiro-rj,2026-03-17,153.31,155.91,154.99,159.99
13,rio-de-janeiro-rj-vitoria-es,2026-03-16,144.91,147.09,134.91,139.91
14,belo-horizonte-mg-rio-de-janeiro-rj,2026-03-18,106.79,111.59,109.95,109.99
10,belo-horizonte-mg-brasilia-df,2026-03-17,229.77,215.0,235.58,228.98
14,campinas-sp-rio-de-janeiro-rj,2026-03-22,161.58,159.5,159.99,159.99
12,belo-horizonte-mg-sao-paulo-sp,2026-03-21,187.28,195.56,174.99,189.99
9,governador-valadares-mg-sao-paulo-sp,2026-03-18,259.63,239.7,256.99,233.49
3,belo-horizonte-mg-rio-de-janeiro-rj,2026-03-22,158.73,169.38,160.37,179.99
27,rio-de-janeiro-rj-vitoria-es,2026-03-21,125.96,163.94,132.43,181.41
23,belo-horizonte-mg-rio-de-janeiro-rj,2026-03-18,89.89,91.67,69.99,99.99
24,belo-horizonte-mg-sao-paulo-sp,2026-03-19,196.27,191.82,219.99,199.99
26,rio-de-janeiro-rj-uberlandia-mg,2026-03-21,239.73,238.35,238.48,237.99
26,belo-horizonte-mg-sao-paulo-sp,2026-03-22,169.7,189.34,152.95,184.99
24,ipatinga-mg-vitoria-es,2026-03-20,92.49,90.3,94.06,87.8
21,sao-paulo-sp-vitoria-es,2026-03-17,188.0,270.65,209.63,263.51
21,rio-de-janeiro-rj-sao-paulo-sp,2026-03-18,102.28,104.7,94.99,100.87
24,sao-paulo-sp-vitoria-es,2026-03-21,196.18,239.93,226.58,228.57
23,governador-valadares-mg-sao-paulo-sp,2026-03-21,251.97,261.58,258.8,263.97
20,rio-de-janeiro-rj-vitoria-es,2026-03-19,139.34,148.51,130.4,141.4
17,sao-paulo-sp-vitoria-es,2026-03-16,239.56,337.64,232.05,363.74
17,belo-horizonte-mg-montes-claros-mg,2026-03-20,149.02,157.8,130.29,141.99
13,sao-paulo-sp-vitoria-es,2026-03-17,249.2,234.23,272.71,239.9
11,rio-de-janeiro-rj-vitoria-es,2026-03-16,137.03,145.69,111.01,139.91
13,belo-horizonte-mg-governador-valadares-mg,2026-03-21,110.63,119.08,101.26,116.59
11,belo-horizonte-mg-brasilia-df,2026-03-22,248.19,225.31,234.23,228.98
9,governador-valadares-mg-sao-paulo-sp,2026-03-20,256.18,226.69,261.3,222.6
2,belo-horizonte-mg-brasilia-df,2026-03-22,268.14,256.04,238.52,236.98
27,belo-horizonte-mg-uberlandia-mg,2026-03-22,120.23,102.9,88.54,88.4
22,governador-valadares-mg-sao-paulo-sp,2026-03-17,237.4,256.73,249.87,256.96
21,belo-horizonte-mg-governador-valadares-mg,2026-03-20,124.29,112.46,118.67,101.02
19,sao-paulo-sp-vitoria-es,2026-03-20,240.69,261.45,211.05,239.91
14,belo-horizonte-mg-sao-paulo-sp,2026-03-16,163.09,186.77,154.99,177.49
16,rio-de-janeiro-rj-uberlandia-mg,2026-03-19,234.97,238.84,234.97,238.97
12,belo-horizonte-mg-brasilia-df,2026-03-16,235.66,244.09,235.58,242.46
17,belo-horizonte-mg-rio-de-janeiro-rj,2026-03-21,98.01,100.54,99.99,99.99
10,belo-horizonte-mg-sao-paulo-sp,2026-03-17,174.18,184.94,159.99,174.99
11,rio-de-janeiro-rj-vitoria-es,2026-03-22,130.47,136.54,130.23,139.9
5,campinas-sp-sao-paulo-sp,2026-03-18,54.94,54.92,56.2,56.2
4,belo-horizonte-mg-cabo-frio-rj,2026-03-18,307.21,185.61,299.99,187.99
7,rio-de-janeiro-rj-sao-paulo-sp,2026-03-21,109.58,105.46,109.99,104.99
3,belo-horizonte-mg-rio-de-janeiro-rj,2026-03-19,155.45,170.2,149.4,189.99
0,campinas-sp-rio-de-janeiro-rj,2026-03-18,114.5,110.51,114.5,110.51
3,governador-valadares-mg-sao-paulo-sp,2026-03-22,247.25,243.26,239.9,253.13
1,ipatinga-mg-vitoria-es,2026-03-20,110.75,114.71,123.06,114.07
1,ipatinga-mg-vitoria-es,2026-03-21,94.18,101.99,94.19,102.07
1,campinas-sp-sao-paulo-sp,2026-03-22,55.57,55.66,56.2,56.2
27,belo-horizonte-mg-governador-valadares-mg,2026-03-22,121.11,109.36,112.52,83.5
21,belo-horizonte-mg-sao-paulo-sp,2026-03-16,188.02,187.38,179.99,179.99
25,rio-de-janeiro-rj-vitoria-es,2026-03-20,121.78,153.21,127.55,145.9
20,belo-horizonte-mg-governador-valadares-mg,2026-03-16,113.4,112.99,101.02,101.26
24,rio-de-janeiro-rj-uberlandia-mg,2026-03-20,249.42,261.78,238.98,247.47
19,belo-horizonte-mg-brasilia-df,2026-03-16,232.64,251.53,236.12,242.46
21,sao-paulo-sp-vitoria-es,2026-03-20,235.34,249.69,231.05,231.05
20,governador-valadares-mg-sao-paulo-sp,2026-03-20,254.12,262.53,258.8,263.97
15,belo-horizonte-mg-uberlandia-mg,2026-03-18,117.14,135.93,88.44,88.6
11,sao-jose-dos-campos-sp-sao-paulo-sp,2026-03-16,46.33,46.33,47.75,47.75
14,governador-valadares-mg-sao-paulo-sp,2026-03-22,250.29,231.92,248.75,208.45
14,sao-paulo-sp-vitoria-es,2026-03-22,210.03,234.71,224.06,228.8
12,belo-horizonte-mg-brasilia-df,2026-03-22,240.79,225.31,228.98,228.98
3,campinas-sp-rio-de-janeiro-rj,2026-03-16,149.58,147.89,139.99,139.99
8,sao-paulo-sp-vitoria-es,2026-03-22,228.66,234.56,228.8,232.05
1,belo-horizonte-mg-montes-claros-mg,2026-03-16,174.39,212.0,156.83,212.23
1,rio-de-janeiro-rj-vitoria-es,2026-03-18,136.38,151.39,129.9,147.4
22,belo-horizonte-mg-cabo-frio-rj,2026-03-17,212.33,175.19,219.9,179.9
22,rio-de-janeiro-rj-sao-paulo-sp,2026-03-17,105.28,106.19,103.43,103.42
25,belo-horizonte-mg-governador-valadares-mg,2026-03-21,102.55,99.97,65.16,64.92
20,belo-horizonte-mg-rio-de-janeiro-rj,2026-03-17,87.56,95.08,69.99,99.99
22,sao-paulo-sp-vitoria-es,2026-03-21,228.92,227.21,226.58,228.57
19,belo-horizonte-mg-brasilia-df,2026-03-19,247.42,257.91,228.98,243.45
15,belo-horizonte-mg-rio-de-janeiro-rj,2026-03-16,127.7,132.13,129.99,139.99
19,rio-de-janeiro-rj-uberlandia-mg,2026-03-22,241.38,238.84,237.99,238.97
10,rio-de-janeiro-rj-uberlandia-mg,2026-03-20,243.98,250.31,225.98,239.97
5,campinas-sp-rio-de-janeiro-rj,2026-03-17,156.36,161.07,149.99,159.99
4,governador-valadares-mg-sao-paulo-sp,2026-03-17,240.77,234.72,239.9,244.89
5,belo-horizonte-mg-montes-claros-mg,2026-03-21,133.49,143.27,134.97,141.99
4,rio-de-janeiro-rj-uberlandia-mg,2026-03-22,235.18,239.56,223.98,238.48
2,ipatinga-mg-vitoria-es,2026-03-21,94.19,98.71,94.19,98.39
28,campinas-sp-sao-paulo-sp,2026-03-22,55.48,55.64,56.2,56.2
22,rio-de-janeiro-rj-uberlandia-mg,2026-03-16,247.78,245.7,237.99,238.97
24,sao-paulo-sp-vitoria-es,2026-03-19,196.44,268.25,209.63,287.11
20,campinas-sp-rio-de-janeiro-rj,2026-03-17,150.33,150.79,154.99,157.49
21,ribeirao-preto-sp-sao-paulo-sp,2026-03-18,158.42,160.25,155.3,158.9
20,campinas-sp-rio-de-janeiro-rj,2026-03-20,154.04,161.96,149.99,164.99
19,belo-horizonte-mg-brasilia-df,2026-03-21,232.61,257.42,228.98,232.98
8,belo-horizonte-mg-uberlandia-mg,2026-03-17,91.96,110.66,88.33,88.54
12,rio-de-janeiro-rj-sao-paulo-sp,2026-03-21,102.66,106.96,101.98,104.99
10,belo-horizonte-mg-governador-valadares-mg,2026-03-20,150.01,137.31,162.18,129.33
5,sao-paulo-sp-vitoria-es,2026-03-16,230.64,235.48,230.43,232.05
3,belo-horizonte-mg-uberlandia-mg,2026-03-16,142.09,146.04,163.12,163.23
6,campinas-sp-rio-de-janeiro-rj,2026-03-19,151.73,145.95,149.99,139.99
7,rio-de-janeiro-rj-sao-paulo-sp,2026-03-20,112.18,109.59,109.99,108.43
5,campinas-sp-rio-de-janeiro-rj,2026-03-19,151.28,142.7,149.99,139.99
6,ribeirao-preto-sp-sao-paulo-sp,2026-03-21,160.66,159.44,158.9,157.1
0,campinas-sp-rio-de-janeiro-rj,2026-03-21,129.99,179.99,129.99,179.99
28,belo-horizonte-mg-governador-valadares-mg,2026-03-22,118.91,105.8,101.26,65.16
27,belo-horizonte-mg-governador-valadares-mg,2026-03-21,102.27,97.25,65.57,64.92
24,belo-horizonte-mg-cabo-frio-rj,2026-03-19,198.9,178.33,199.9,179.9
24,belo-horizonte-mg-sao-paulo-sp,2026-03-20,161.36,183.27,133.99,159.99
20,rio-de-janeiro-rj-vitoria-es,2026-03-20,128.17,145.74,124.91,137.61
20,belo-horizonte-mg-uberlandia-mg,2026-03-21,93.69,107.32,88.6,88.65
21,rio-de-janeiro-rj-uberlandia-mg,2026-03-22,241.06,238.73,238.48,238.48
12,belo-horizonte-mg-uberlandia-mg,2026-03-18,116.14,149.68,88.44,88.65
8,ipatinga-mg-vitoria-es,2026-03-16,95.67,116.03,95.51,101.92
5,sao-jose-dos-campos-sp-sao-paulo-sp,2026-03-17,47.1,48.45,47.8,47.75
5,sao-paulo-sp-vitoria-es,2026-03-19,245.66,237.06,248.14,239.9
3,rio-de-janeiro-rj-uberlandia-mg,2026-03-20,258.8,259.26,230.29,239.97
4,campinas-sp-sao-paulo-sp,2026-03-22,55.56,55.38,56.2,56.2
2,campinas-sp-sao-paulo-sp,2026-03-20,55.52,55.2,56.2,56.2
21,belo-horizonte-mg-uberlandia-mg,2026-03-22,116.24,130.12,88.6,88.65
19,belo-horizonte-mg-montes-claros-mg,2026-03-22,151.75,179.1,130.29,153.7
15,rio-de-janeiro-rj-uberlandia-mg,2026-03-19,230.81,238.84,224.98,238.97
17,rio-de-janeiro-rj-uberlandia-mg,2026-03-21,233.08,238.84,227.98,238.97
11,governador-valadares-mg-sao-paulo-sp,2026-03-17,249.97,223.29,256.96,208.45
10,belo-horizonte-mg-rio-de-janeiro-rj,2026-03-19,154.97,153.0,169.99,169.99
7,rio-de-janeiro-rj-uberlandia-mg,2026-03-16,231.86,245.81,223.98,239.47
12,campinas-sp-rio-de-janeiro-rj,2026-03-22,159.12,156.94,159.99,159.99
4,belo-horizonte-mg-montes-claros-mg,2026-03-18,153.15,186.85,134.97,165.4
5,belo-horizonte-mg-cabo-frio-rj,2026-03-22,252.41,219.89,269.99,215.99
0,ribeirao-preto-sp-sao-paulo-sp,2026-03-18,155.3,154.53,155.3,155.3
24,sao-paulo-sp-vitoria-es,2026-03-20,211.24,272.95,219.29,320.53
17,sao-jose-dos-campos-sp-sao-paulo-sp,2026-03-16,48.59,47.24,50.25,47.75
16,belo-horizonte-mg-brasilia-df,2026-03-16,238.83,250.97,235.58,242.95
20,sao-jose-dos-campos-sp-sao-paulo-sp,2026-03-20,46.22,47.17,47.75,47.75
15,belo-horizonte-mg-brasilia-df,2026-03-16,238.83,250.97,235.58,242.95
17,rio-de-janeiro-rj-vitoria-es,2026-03-21,130.49,126.97,129.9,129.9
11,rio-de-janeiro-rj-sao-paulo-sp,2026-03-16,104.52,109.82,99.91,108.42
11,belo-horizonte-mg-rio-de-janeiro-rj,2026-03-17,111.4,113.53,109.99,109.99
15,belo-horizonte-mg-rio-de-janeiro-rj,2026-03-21,103.96,103.83,99.99,99.99
10,belo-horizonte-mg-rio-de-janeiro-rj,2026-03-20,154.39,155.08,169.99,169.99
5,rio-de-janeiro-rj-uberlandia-mg,2026-03-22,235.18,239.38,223.98,237.99
17,belo-horizonte-mg-sao-paulo-sp,2026-03-19,174.3,191.07,159.99,199.99
18,belo-horizonte-mg-montes-claros-mg,2026-03-22,150.58,179.83,130.29,153.7
16,belo-horizonte-mg-rio-de-janeiro-rj,2026-03-20,133.75,135.4,139.99,139.99
16,campinas-sp-rio-de-janeiro-rj,2026-03-20,153.92,160.0,149.99,169.99
14,rio-de-janeiro-rj-sao-paulo-sp,2026-03-19,104.73,104.89,103.42,103.43
13,ipatinga-mg-vitoria-es,2026-03-19,105.25,92.4,96.4,90.93
10,ipatinga-mg-vitoria-es,2026-03-17,91.97,96.4,94.06,96.4
10,belo-horizonte-mg-cabo-frio-rj,2026-03-18,229.68,166.15,249.9,149.9
9,ipatinga-mg-vitoria-es,2026-03-17,90.93,96.4,90.93,96.4
11,ribeirao-preto-sp-sao-paulo-sp,2026-03-21,158.2,157.51,155.3,155.3
6,ipatinga-mg-vitoria-es,2026-03-17,87.8,96.4,87.8,96.4
7,campinas-sp-rio-de-janeiro-rj,2026-03-22,154.62,147.84,149.99,130.46
6,campinas-sp-rio-de-janeiro-rj,2026-03-22,154.62,149.71,149.99,147.49
0,ribeirao-preto-sp-sao-paulo-sp,2026-03-19,150.43,154.58,147.99,155.3
25,campinas-sp-rio-de-janeiro-rj,2026-03-22,151.97,162.5,149.4,169.99
19,belo-horizonte-mg-brasilia-df,2026-03-20,245.05,255.68,228.98,240.97
16,belo-horizonte-mg-governador-valadares-mg,2026-03-17,105.99,107.73,83.5,65.85
18,governador-valadares-mg-sao-paulo-sp,2026-03-19,249.37,267.41,247.11,263.97
14,sao-paulo-sp-vitoria-es,2026-03-19,264.73,227.19,305.5,232.05
13,belo-horizonte-mg-cabo-frio-rj,2026-03-19,209.15,169.98,219.9,150.9
12,belo-horizonte-mg-governador-valadares-mg,2026-03-20,144.23,123.47,143.4,108.78
8,belo-horizonte-mg-montes-claros-mg,2026-03-16,150.81,150.76,133.42,141.99
13,belo-horizonte-mg-montes-claros-mg,2026-03-21,132.64,138.14,130.29,136.54
9,belo-horizonte-mg-montes-claros-mg,2026-03-18,147.8,167.39,130.29,159.95
9,belo-horizonte-mg-montes-claros-mg,2026-03-19,149.75,153.97,130.29,136.54
10,campinas-sp-sao-paulo-sp,2026-03-20,55.08,55.31,56.2,56.2
8,belo-horizonte-mg-governador-valadares-mg,2026-03-20,152.93,132.16,180.87,118.55
2,rio-de-janeiro-rj-sao-paulo-sp,2026-03-16,126.01,121.05,124.99,124.9
3,sao-jose-dos-campos-sp-sao-paulo-sp,2026-03-19,47.16,46.18,47.8,47.75
25,sao-jose-dos-campos-sp-sao-paulo-sp,2026-03-22,47.01,46.66,47.75,47.75
18,belo-horizonte-mg-cabo-frio-rj,2026-03-17,212.33,158.23,219.9,159.9
19,campinas-sp-sao-paulo-sp,2026-03-19,55.01,54.99,56.2,56.2
17,belo-horizonte-mg-montes-claros-mg,2026-03-18,147.63,157.2,130.29,141.99
16,ipatinga-mg-vitoria-es,2026-03-17,90.93,92.3,90.93,94.06
16,belo-horizonte-mg-cabo-frio-rj,2026-03-18,229.9,158.23,239.9,139.9
15,ipatinga-mg-vitoria-es,2026-03-17,90.93,93.66,90.93,94.06
17,rio-de-janeiro-rj-vitoria-es,2026-03-20,139.63,135.86,129.9,129.9
12,belo-horizonte-mg-sao-paulo-sp,2026-03-16,173.52,193.55,159.99,189.99
18,governador-valadares-mg-sao-paulo-sp,2026-03-22,249.86,230.25,248.75,208.45
8,campinas-sp-rio-de-janeiro-rj,2026-03-16,148.69,146.93,150.9,139.99
7,belo-horizonte-mg-brasilia-df,2026-03-16,235.45,231.3,236.12,234.23
11,sao-jose-dos-campos-sp-sao-paulo-sp,2026-03-20,47.19,47.17,47.8,47.75
7,belo-horizonte-mg-rio-de-janeiro-rj,2026-03-18,111.15,112.99,109.99,109.99
9,belo-horizonte-mg-sao-paulo-sp,2026-03-20,164.77,177.77,159.99,159.99
7,sao-paulo-sp-vitoria-es,2026-03-19,245.65,238.18,248.14,239.9
7,belo-horizonte-mg-sao-paulo-sp,2026-03-20,178.57,174.09,169.99,159.99
22,rio-de-janeiro-rj-uberlandia-mg,2026-03-18,237.14,236.19,233.98,229.0
23,campinas-sp-sao-paulo-sp,2026-03-21,55.59,55.48,56.2,56.2
17,sao-jose-dos-campos-sp-sao-paulo-sp,2026-03-17,47.57,47.07,47.75,47.75
15,belo-horizonte-mg-sao-paulo-sp,2026-03-16,174.89,186.77,166.9,177.49
20,ribeirao-preto-sp-sao-paulo-sp,2026-03-21,159.64,160.18,155.3,158.9
18,sao-paulo-sp-vitoria-es,2026-03-19,250.28,212.04,272.7,230.43
18,rio-de-janeiro-rj-uberlandia-mg,2026-03-20,258.93,250.02,239.97,239.97
11,belo-horizonte-mg-governador-valadares-mg,2026-03-18,119.15,133.77,118.67,129.33
13,rio-de-janeiro-rj-uberlandia-mg,2026-03-20,243.75,250.09,225.98,239.97
13,sao-jose-dos-campos-sp-sao-paulo-sp,2026-03-20,44.8,46.78,46.0,47.75
8,ribeirao-preto-sp-sao-paulo-sp,2026-03-16,160.49,160.18,158.9,157.1
11,campinas-sp-sao-paulo-sp,2026-03-21,55.22,55.22,56.2,56.2
7,ribeirao-preto-sp-sao-paulo-sp,2026-03-17,156.87,157.76,155.3,155.3
6,ipatinga-mg-vitoria-es,2026-03-18,95.81,96.6,95.81,96.4
5,belo-horizonte-mg-rio-de-janeiro-rj,2026-03-20,149.35,160.6,141.9,169.99
1,ribeirao-preto-sp-sao-paulo-sp,2026-03-18,160.87,158.06,158.9,155.3
2,rio-de-janeiro-rj-vitoria-es,2026-03-22,139.33,144.45,129.91,142.28
0,ribeirao-preto-sp-sao-paulo-sp,2026-03-22,161.2,168.92,155.3,158.9
28,belo-horizonte-mg-brasilia-df,2026-03-22,232.23,262.85,234.23,243.45
20,ipatinga-mg-vitoria-es,2026-03-19,99.33,90.93,98.74,90.93
16,belo-horizonte-mg-rio-de-janeiro-rj,2026-03-16,124.52,133.48,133.76,139.99
13,sao-paulo-sp-vitoria-es,2026-03-18,249.19,231.23,240.23,235.98
15,campinas-sp-sao-paulo-sp,2026-03-22,54.77,55.41,56.2,56.2
7,belo-horizonte-mg-governador-valadares-mg,2026-03-16,125.28,142.16,118.55,118.79
12,rio-de-janeiro-rj-vitoria-es,2026-03-21,120.83,132.44,118.34,129.91
8,rio-de-janeiro-rj-uberlandia-mg,2026-03-18,228.27,237.83,223.98,237.99
9,belo-horizonte-mg-governador-valadares-mg,2026-03-21,135.03,126.66,118.79,117.63
8,campinas-sp-rio-de-janeiro-rj,2026-03-21,166.99,162.19,164.99,159.99
3,belo-horizonte-mg-cabo-frio-rj,2026-03-18,283.32,196.13,295.49,185.99
1,ipatinga-mg-vitoria-es,2026-03-18,112.3,108.55,102.56,105.79
21,belo-horizonte-mg-uberlandia-mg,2026-03-19,113.46,103.01,88.44,88.19
23,ipatinga-mg-vitoria-es,2026-03-21,90.0,90.0,90.04,90.04
21,ribeirao-preto-sp-sao-paulo-sp,2026-03-19,163.04,159.31,155.3,158.9
22,rio-de-janeiro-rj-vitoria-es,2026-03-20,120.34,142.03,130.4,139.91
20,belo-horizonte-mg-uberlandia-mg,2026-03-19,103.18,103.05,88.33,88.19
22,belo-horizonte-mg-uberlandia-mg,2026-03-21,105.89,115.57,88.65,88.51
18,governador-valadares-mg-sao-paulo-sp,2026-03-17,248.21,258.95,256.96,260.47
13,belo-horizonte-mg-sao-paulo-sp,2026-03-16,163.09,191.13,154.99,184.99
16,rio-de-janeiro-rj-sao-paulo-sp,2026-03-19,104.56,106.33,103.43,104.99
17,belo-horizonte-mg-cabo-frio-rj,2026-03-21,198.33,169.9,189.9,169.9
15,campinas-sp-rio-de-janeiro-rj,2026-03-20,154.51,158.23,149.99,164.99
11,campinas-sp-sao-paulo-sp,2026-03-22,55.09,55.35,56.2,56.2
10,belo-horizonte-mg-montes-claros-mg,2026-03-22,151.76,189.72,134.97,181.79
8,governador-valadares-mg-sao-paulo-sp,2026-03-20,240.19,226.06,234.24,222.6
7,rio-de-janeiro-rj-vitoria-es,2026-03-21,121.74,144.78,116.28,139.91
28,rio-de-janeiro-rj-vitoria-es,2026-03-22,122.15,146.96,127.55,129.91
24,belo-horizonte-mg-brasilia-df,2026-03-19,216.56,263.22,228.98,248.99
25,campinas-sp-sao-paulo-sp,2026-03-21,55.1,55.43,56.2,56.2
21,campinas-sp-rio-de-janeiro-rj,2026-03-21,151.33,157.19,159.99,159.99
19,belo-horizonte-mg-governador-valadares-mg,2026-03-21,102.55,108.53,65.16,65.97
15,ribeirao-preto-sp-sao-paulo-sp,2026-03-17,162.61,159.31,155.3,158.9
15,rio-de-janeiro-rj-uberlandia-mg,2026-03-18,237.14,237.73,233.98,238.48
17,belo-horizonte-mg-uberlandia-mg,2026-03-21,105.89,102.5,88.65,88.6
16,rio-de-janeiro-rj-uberlandia-mg,2026-03-20,247.0,244.69,227.49,239.47
14,belo-horizonte-mg-uberlandia-mg,2026-03-19,110.21,104.05,88.49,88.33
12,governador-valadares-mg-sao-paulo-sp,2026-03-17,248.99,228.22,256.96,208.45
15,rio-de-janeiro-rj-uberlandia-mg,2026-03-21,236.99,238.73,229.0,238.48
12,belo-horizonte-mg-rio-de-janeiro-rj,2026-03-20,156.65,156.99,169.99,169.99
9,ipatinga-mg-vitoria-es,2026-03-19,114.47,93.86,114.07,90.93
8,belo-horizonte-mg-montes-claros-mg,2026-03-19,149.86,155.15,130.29,141.99
4,belo-horizonte-mg-uberlandia-mg,2026-03-18,158.26,168.92,163.23,163.23
24,governador-valadares-mg-sao-paulo-sp,2026-03-18,255.65,271.4,251.5,263.97
27,belo-horizonte-mg-brasilia-df,2026-03-22,218.32,262.85,227.99,243.45
25,campinas-sp-rio-de-janeiro-rj,2026-03-20,155.25,162.63,149.99,160.36
21,sao-jose-dos-campos-sp-sao-paulo-sp,2026-03-16,47.24,47.24,47.75,47.75
22,sao-jose-dos-campos-sp-sao-paulo-sp,2026-03-17,47.1,46.66,47.75,47.75
18,ribeirao-preto-sp-sao-paulo-sp,2026-03-16,161.01,159.8,158.9,158.9
22,belo-horizonte-mg-governador-valadares-mg,2026-03-21,102.55,102.82,65.16,65.04
19,belo-horizonte-mg-cabo-frio-rj,2026-03-19,204.04,155.47,199.9,149.9
17,belo-horizonte-mg-montes-claros-mg,2026-03-17,150.36,155.22,130.29,141.99
16,rio-de-janeiro-rj-uberlandia-mg,2026-03-16,243.2,245.88,239.97,238.97
18,campinas-sp-rio-de-janeiro-rj,2026-03-19,149.52,150.77,139.99,150.9
19,rio-de-janeiro-rj-uberlandia-mg,2026-03-20,252.53,250.0,239.97,239.97
12,belo-horizonte-mg-brasilia-df,2026-03-17,228.31,245.82,235.58,228.98
15,governador-valadares-mg-sao-paulo-sp,2026-03-20,256.03,228.54,258.8,225.91
14,belo-horizonte-mg-sao-paulo-sp,2026-03-20,164.76,171.65,159.99,159.99
9,campinas-sp-sao-paulo-sp,2026-03-16,55.57,55.26,56.2,56.2
11,ipatinga-mg-vitoria-es,2026-03-19,110.84,91.84,98.74,87.8
3,belo-horizonte-mg-sao-paulo-sp,2026-03-16,179.88,184.08,169.99,177.59
2,governador-valadares-mg-sao-paulo-sp,2026-03-17,248.89,244.54,265.95,251.5
7,rio-de-janeiro-rj-vitoria-es,2026-03-22,131.27,144.37,129.9,144.65
5,belo-horizonte-mg-montes-claros-mg,2026-03-22,155.46,202.51,139.27,212.23
4,governador-valadares-mg-sao-paulo-sp,2026-03-21,244.81,265.8,248.86,255.05
25,belo-horizonte-mg-rio-de-janeiro-rj,2026-03-20,111.82,103.68,109.9,93.5
25,belo-horizonte-mg-uberlandia-mg,2026-03-22,120.19,110.85,88.54,88.4
19,sao-jose-dos-campos-sp-sao-paulo-sp,2026-03-22,45.94,49.13,47.25,47.75
18,ipatinga-mg-vitoria-es,2026-03-22,99.16,100.62,94.06,98.74
15,belo-horizonte-mg-rio-de-janeiro-rj,2026-03-20,132.44,133.83,139.99,139.99
10,sao-jose-dos-campos-sp-sao-paulo-sp,2026-03-16,48.39,46.33,50.25,47.75
12,belo-horizonte-mg-rio-de-janeiro-rj,2026-03-19,147.01,156.78,139.99,169.99
10,campinas-sp-rio-de-janeiro-rj,2026-03-20,159.59,156.29,159.99,159.99
9,belo-horizonte-mg-brasilia-df,2026-03-20,246.5,227.71,228.98,227.99
5,belo-horizonte-mg-montes-claros-mg,2026-03-16,150.59,156.16,136.54,141.99
6,rio-de-janeiro-rj-sao-paulo-sp,2026-03-17,103.49,112.27,99.91,109.99
7,ipatinga-mg-vitoria-es,2026-03-20,98.51,99.37,95.81,98.74
4,belo-horizonte-mg-cabo-frio-rj,2026-03-19,287.39,192.12,269.99,187.49
4,campinas-sp-rio-de-janeiro-rj,2026-03-19,151.28,146.64,149.99,139.99
3,ribeirao-preto-sp-sao-paulo-sp,2026-03-19,159.71,157.77,155.3,155.3
5,ribeirao-preto-sp-sao-paulo-sp,2026-03-22,164.58,169.95,158.9,158.9
2,sao-paulo-sp-vitoria-es,2026-03-19,258.99,264.95,250.87,239.9
2,belo-horizonte-mg-uberlandia-mg,2026-03-22,236.56,219.3,225.66,223.04
24,ipatinga-mg-vitoria-es,2026-03-19,97.87,90.93,98.74,90.93
19,belo-horizonte-mg-uberlandia-mg,2026-03-17,120.79,104.45,88.44,88.4
17,belo-horizonte-mg-governador-valadares-mg,2026-03-17,103.6,108.87,65.45,65.85
18,ribeirao-preto-sp-sao-paulo-sp,2026-03-18,157.79,160.51,155.3,158.9
11,ribeirao-preto-sp-sao-paulo-sp,2026-03-16,158.94,158.72,155.3,155.3
10,belo-horizonte-mg-montes-claros-mg,2026-03-17,147.63,154.32,130.29,141.99
9,governador-valadares-mg-sao-paulo-sp,2026-03-16,256.79,234.69,256.96,239.92
12,rio-de-janeiro-rj-sao-paulo-sp,2026-03-19,106.14,109.45,104.99,108.43
11,belo-horizonte-mg-rio-de-janeiro-rj,2026-03-21,109.57,111.71,109.99,109.99
9,rio-de-janeiro-rj-uberlandia-mg,2026-03-19,228.65,238.89,223.98,238.48
4,governador-valadares-mg-sao-paulo-sp,2026-03-16,240.18,239.03,239.9,239.92
7,rio-de-janeiro-rj-uberlandia-mg,2026-03-19,223.99,239.14,225.98,238.48
10,sao-jose-dos-campos-sp-sao-paulo-sp,2026-03-22,44.67,47.07,47.8,47.75
5,campinas-sp-sao-paulo-sp,2026-03-19,55.49,54.87,56.2,56.2
27,belo-horizonte-mg-cabo-frio-rj,2026-03-22,186.46,183.12,179.9,179.9
25,belo-horizonte-mg-cabo-frio-rj,2026-03-22,191.79,182.57,179.9,179.9
24,belo-horizonte-mg-uberlandia-mg,2026-03-21,105.89,107.19,88.65,88.51
25,rio-de-janeiro-rj-vitoria-es,2026-03-22,122.33,143.85,120.15,128.9
22,belo-horizonte-mg-rio-de-janeiro-rj,2026-03-21,82.88,89.15,69.99,94.99
20,belo-horizonte-mg-rio-de-janeiro-rj,2026-03-20,106.98,109.02,89.99,109.9
20,belo-horizonte-mg-cabo-frio-rj,2026-03-22,197.9,198.46,195.4,199.9
16,rio-de-janeiro-rj-vitoria-es,2026-03-20,134.9,133.74,129.91,129.89
14,belo-horizonte-mg-sao-paulo-sp,2026-03-19,184.6,184.24,184.99,174.99
16,ribeirao-preto-sp-sao-paulo-sp,2026-03-21,158.43,157.84,155.3,155.3
13,rio-de-janeiro-rj-uberlandia-mg,2026-03-18,227.99,237.55,223.98,237.99
16,belo-horizonte-mg-montes-claros-mg,2026-03-22,148.25,188.35,130.69,162.68
12,belo-horizonte-mg-uberlandia-mg,2026-03-20,146.08,112.06,88.65,88.65
7,campinas-sp-sao-paulo-sp,2026-03-17,54.97,54.96,56.2,56.2
6,sao-paulo-sp-vitoria-es,2026-03-16,231.62,231.78,232.78,232.05
5,campinas-sp-sao-paulo-sp,2026-03-16,55.18,55.13,56.2,56.2
7,belo-horizonte-mg-cabo-frio-rj,2026-03-21,222.37,177.7,231.49,192.99
27,belo-horizonte-mg-cabo-frio-rj,2026-03-21,186.15,185.47,172.4,199.9
25,belo-horizonte-mg-montes-claros-mg,2026-03-20,156.83,156.83,141.99,141.99
22,belo-horizonte-mg-brasilia-df,2026-03-19,233.29,259.13,235.58,243.45
21,governador-valadares-mg-sao-paulo-sp,2026-03-18,252.05,266.54,253.43,263.97
21,belo-horizonte-mg-uberlandia-mg,2026-03-20,110.12,108.93,88.54,88.51
22,rio-de-janeiro-rj-vitoria-es,2026-03-22,129.55,143.25,127.55,139.75
17,ipatinga-mg-vitoria-es,2026-03-19,99.33,90.93,98.74,90.93
13,belo-horizonte-mg-brasilia-df,2026-03-16,239.1,244.09,235.58,242.46
14,belo-horizonte-mg-sao-paulo-sp,2026-03-17,164.91,195.12,154.99,189.99
13,belo-horizonte-mg-uberlandia-mg,2026-03-18,104.37,146.12,88.33,88.65
16,ipatinga-mg-vitoria-es,2026-03-22,114.07,100.62,114.07,98.74
12,governador-valadares-mg-sao-paulo-sp,2026-03-22,252.55,230.06,256.96,208.45
4,belo-horizonte-mg-montes-claros-mg,2026-03-16,155.62,168.77,140.59,159.95
7,campinas-sp-sao-paulo-sp,2026-03-19,54.75,54.93,56.2,56.2
4,belo-horizonte-mg-montes-claros-mg,2026-03-17,153.65,172.71,132.63,159.95
6,governador-valadares-mg-sao-paulo-sp,2026-03-22,249.13,255.5,243.42,253.13
4,governador-valadares-mg-sao-paulo-sp,2026-03-20,249.35,264.5,246.68,253.13
1,belo-horizonte-mg-uberlandia-mg,2026-03-18,167.03,196.93,163.77,193.19
0,rio-de-janeiro-rj-uberlandia-mg,2026-03-17,230.99,241.76,230.99,230.99
0,campinas-sp-rio-de-janeiro-rj,2026-03-20,127.47,114.5,127.47,114.5
0,campinas-sp-sao-paulo-sp,2026-03-21,56.5,54.88,56.5,56.2
24,belo-horizonte-mg-uberlandia-mg,2026-03-19,103.18,103.01,88.33,88.19
21,ipatinga-mg-vitoria-es,2026-03-17,93.67,90.93,94.06,90.93
23,belo-horizonte-mg-rio-de-janeiro-rj,2026-03-20,108.27,104.24,89.99,98.9
19,belo-horizonte-mg-governador-valadares-mg,2026-03-17,103.03,103.58,65.16,65.16
18,rio-de-janeiro-rj-vitoria-es,2026-03-17,130.76,148.65,129.9,137.61
20,belo-horizonte-mg-sao-paulo-sp,2026-03-21,192.33,193.44,189.99,189.99
18,rio-de-janeiro-rj-vitoria-es,2026-03-19,137.26,164.55,129.9,182.65
19,belo-horizonte-mg-rio-de-janeiro-rj,2026-03-22,113.48,136.74,114.34,139.99
11,belo-horizonte-mg-brasilia-df,2026-03-16,230.08,244.11,235.58,234.23
15,governador-valadares-mg-sao-paulo-sp,2026-03-22,249.65,230.06,248.75,208.45
9,belo-horizonte-mg-brasilia-df,2026-03-17,231.46,215.0,235.58,228.98
13,campinas-sp-rio-de-janeiro-rj,2026-03-21,159.41,162.27,159.99,159.99
7,governador-valadares-mg-sao-paulo-sp,2026-03-16,255.83,236.31,256.96,239.92
6,belo-horizonte-mg-governador-valadares-mg,2026-03-20,159.78,136.56,180.87,118.55
7,belo-horizonte-mg-montes-claros-mg,2026-03-21,134.13,144.34,130.29,141.99
7,ribeirao-preto-sp-sao-paulo-sp,2026-03-21,160.66,158.05,158.9,155.3
4,belo-horizonte-mg-brasilia-df,2026-03-20,261.0,217.46,243.68,229.49
23,belo-horizonte-mg-uberlandia-mg,2026-03-18,91.19,128.36,88.33,88.4
20,rio-de-janeiro-rj-uberlandia-mg,2026-03-16,246.48,248.52,238.98,238.48
23,belo-horizonte-mg-sao-paulo-sp,2026-03-21,173.22,183.78,159.99,174.99
20,sao-paulo-sp-vitoria-es,2026-03-20,238.94,249.14,261.87,231.55
15,belo-horizonte-mg-cabo-frio-rj,2026-03-16,191.15,179.9,189.9,179.9
17,rio-de-janeiro-rj-uberlandia-mg,2026-03-19,234.97,238.62,234.97,237.99
18,ribeirao-preto-sp-sao-paulo-sp,2026-03-21,163.9,157.48,158.9,155.3
12,belo-horizonte-mg-governador-valadares-mg,2026-03-17,102.71,114.23,65.97,101.26
14,belo-horizonte-mg-governador-valadares-mg,2026-03-19,114.34,114.79,101.26,101.26
11,belo-horizonte-mg-governador-valadares-mg,2026-03-17,108.24,115.69,101.02,101.26
10,campinas-sp-sao-paulo-sp,2026-03-19,55.73,55.54,56.5,56.5
12,ipatinga-mg-vitoria-es,2026-03-22,104.58,100.62,105.79,98.74
6,ipatinga-mg-vitoria-es,2026-03-21,94.91,93.17,94.83,93.17
4,belo-horizonte-mg-rio-de-janeiro-rj,2026-03-21,129.89,124.03,129.99,118.9
19,belo-horizonte-mg-sao-paulo-sp,2026-03-16,183.57,187.49,172.49,179.99
25,rio-de-janeiro-rj-sao-paulo-sp,2026-03-22,105.75,105.19,103.43,103.43
21,rio-de-janeiro-rj-uberlandia-mg,2026-03-20,252.53,250.74,239.97,239.47
20,campinas-sp-sao-paulo-sp,2026-03-20,55.18,55.14,56.2,56.2
18,campinas-sp-sao-paulo-sp,2026-03-21,55.59,54.24,56.2,56.5
9,sao-paulo-sp-vitoria-es,2026-03-16,238.26,234.84,219.51,235.98
12,ribeirao-preto-sp-sao-paulo-sp,2026-03-20,168.67,169.09,158.9,158.9
14,rio-de-janeiro-rj-uberlandia-mg,2026-03-22,221.99,239.52,220.0,238.97
5,ribeirao-preto-sp-sao-paulo-sp,2026-03-16,160.28,158.56,158.9,155.3
3,ribeirao-preto-sp-sao-paulo-sp,2026-03-17,160.36,157.76,155.3,155.3
2,belo-horizonte-mg-governador-valadares-mg,2026-03-18,140.42,151.7,136.59,180.87
1,belo-horizonte-mg-montes-claros-mg,2026-03-17,171.38,199.93,139.27,206.78
2,ipatinga-mg-vitoria-es,2026-03-19,117.2,99.53,99.19,98.74
4,ipatinga-mg-vitoria-es,2026-03-22,90.61,121.72,90.61,122.22
2,rio-de-janeiro-rj-uberlandia-mg,2026-03-20,263.18,254.47,244.8,239.97
2,rio-de-janeiro-rj-vitoria-es,2026-03-21,133.61,147.15,129.9,145.9
26,belo-horizonte-mg-uberlandia-mg,2026-03-21,93.71,107.14,88.65,88.51
23,governador-valadares-mg-sao-paulo-sp,2026-03-18,250.81,271.4,249.87,263.97
25,rio-de-janeiro-rj-uberlandia-mg,2026-03-22,241.16,238.62,237.99,237.99
24,sao-jose-dos-campos-sp-sao-paulo-sp,2026-03-21,49.16,47.83,50.25,47.75
19,sao-paulo-sp-vitoria-es,2026-03-17,181.76,238.14,173.5,233.51
22,belo-horizonte-mg-brasilia-df,2026-03-22,246.29,262.96,228.98,243.45
21,belo-horizonte-mg-uberlandia-mg,2026-03-21,93.69,93.66,88.6,88.54
13,ribeirao-preto-sp-sao-paulo-sp,2026-03-17,158.76,154.72,155.3,155.3
10,belo-horizonte-mg-governador-valadares-mg,2026-03-19,127.51,121.47,118.79,118.79
6,belo-horizonte-mg-cabo-frio-rj,2026-03-18,304.56,174.91,299.99,175.99
10,belo-horizonte-mg-uberlandia-mg,2026-03-22,179.91,152.4,176.74,101.52
9,belo-horizonte-mg-cabo-frio-rj,2026-03-22,248.72,224.67,260.99,225.99
3,belo-horizonte-mg-rio-de-janeiro-rj,2026-03-16,150.12,174.75,139.99,189.99
5,belo-horizonte-mg-cabo-frio-rj,2026-03-19,312.24,185.13,304.99,184.99
8,belo-horizonte-mg-governador-valadares-mg,2026-03-22,154.68,134.88,157.71,124.06
5,sao-paulo-sp-vitoria-es,2026-03-20,247.88,245.45,248.06,233.51
1,governador-valadares-mg-sao-paulo-sp,2026-03-22,235.39,257.77,223.79,259.9
25,rio-de-janeiro-rj-uberlandia-mg,2026-03-19,238.98,238.44,237.99,237.99
23,sao-jose-dos-campos-sp-sao-paulo-sp,2026-03-18,45.35,46.66,44.25,47.75
24,belo-horizonte-mg-montes-claros-mg,2026-03-21,134.97,139.02,130.64,136.54
20,belo-horizonte-mg-sao-paulo-sp,2026-03-17,186.09,183.97,179.99,174.99
22,ipatinga-mg-vitoria-es,2026-03-21,90.0,91.06,90.04,92.28
19,ribeirao-preto-sp-sao-paulo-sp,2026-03-20,169.75,169.69,158.9,158.9
20,sao-jose-dos-campos-sp-sao-paulo-sp,2026-03-21,47.41,47.41,47.75,47.75
12,campinas-sp-rio-de-janeiro-rj,2026-03-18,144.24,148.22,137.9,154.99
11,belo-horizonte-mg-brasilia-df,2026-03-20,238.73,232.85,228.98,227.99
12,campinas-sp-rio-de-janeiro-rj,2026-03-21,159.43,162.99,159.99,159.99
4,rio-de-janeiro-rj-vitoria-es,2026-03-16,123.31,150.79,109.1,145.28
6,governador-valadares-mg-sao-paulo-sp,2026-03-20,249.35,250.89,246.68,249.87
5,rio-de-janeiro-rj-sao-paulo-sp,2026-03-20,126.52,117.15,128.94,119.9
1,belo-horizonte-mg-uberlandia-mg,2026-03-17,171.88,160.56,163.23,163.88
25,belo-horizonte-mg-rio-de-janeiro-rj,2026-03-22,111.76,107.95,109.9,104.9
23,governador-valadares-mg-sao-paulo-sp,2026-03-20,250.49,262.68,253.13,264.11
22,governador-valadares-mg-sao-paulo-sp,2026-03-21,253.5,261.37,258.8,263.98
18,sao-paulo-sp-vitoria-es,2026-03-22,257.54,253.7,305.5,232.05
12,ipatinga-mg-vitoria-es,2026-03-19,110.84,93.86,98.74,90.93
12,rio-de-janeiro-rj-uberlandia-mg,2026-03-19,228.73,238.89,223.98,238.48
27,campinas-sp-rio-de-janeiro-rj,2026-03-22,154.91,163.77,149.99,169.99
26,ribeirao-preto-sp-sao-paulo-sp,2026-03-21,158.1,159.2,155.3,158.9
20,campinas-sp-sao-paulo-sp,2026-03-19,54.93,55.0,56.2,56.2
16,belo-horizonte-mg-uberlandia-mg,2026-03-17,91.96,104.55,88.33,88.4
21,rio-de-janeiro-rj-sao-paulo-sp,2026-03-22,101.47,103.98,100.98,103.43
14,rio-de-janeiro-rj-sao-paulo-sp,2026-03-17,97.67,102.16,93.21,94.99
14,belo-horizonte-mg-uberlandia-mg,2026-03-18,104.89,135.93,88.33,88.6
14,governador-valadares-mg-sao-paulo-sp,2026-03-18,259.09,249.4,256.99,262.26
14,campinas-sp-sao-paulo-sp,2026-03-19,55.04,54.68,56.2,56.2
10,belo-horizonte-mg-uberlandia-mg,2026-03-18,124.95,158.4,88.44,101.41
7,belo-horizonte-mg-brasilia-df,2026-03-19,223.78,224.76,228.98,227.99
3,belo-horizonte-mg-cabo-frio-rj,2026-03-19,314.62,198.69,304.99,199.99
1,governador-valadares-mg-sao-paulo-sp,2026-03-20,255.63,254.97,259.78,258.8
24,sao-jose-dos-campos-sp-sao-paulo-sp,2026-03-18,46.04,46.66,44.25,47.75
21,ribeirao-preto-sp-sao-paulo-sp,2026-03-16,159.03,159.8,155.3,158.9
24,rio-de-janeiro-rj-vitoria-es,2026-03-22,122.45,151.63,130.4,141.89
20,belo-horizonte-mg-cabo-frio-rj,2026-03-19,201.19,157.9,199.9,149.9
22,rio-de-janeiro-rj-uberlandia-mg,2026-03-21,241.39,236.76,238.48,237.99
16,campinas-sp-sao-paulo-sp,2026-03-16,55.03,54.87,56.5,56.2
14,ipatinga-mg-vitoria-es,2026-03-18,100.7,87.8,96.4,87.8
12,sao-paulo-sp-vitoria-es,2026-03-18,253.03,231.23,240.23,235.98
13,sao-paulo-sp-vitoria-es,2026-03-19,273.26,230.52,305.61,232.05
14,ipatinga-mg-vitoria-es,2026-03-22,104.93,101.1,105.79,102.27
4,rio-de-janeiro-rj-vitoria-es,2026-03-18,176.94,141.81,205.8,145.9
1,belo-horizonte-mg-uberlandia-mg,2026-03-19,226.31,164.86,224.06,163.77
1,belo-horizonte-mg-rio-de-janeiro-rj,2026-03-21,150.23,167.88,150.37,179.99
21,sao-paulo-sp-vitoria-es,2026-03-18,198.77,238.6,209.63,239.91
21,belo-horizonte-mg-governador-valadares-mg,2026-03-21,102.55,103.79,65.16,65.16
14,ipatinga-mg-vitoria-es,2026-03-16,95.66,106.35,95.51,96.05
12,sao-jose-dos-campos-sp-sao-paulo-sp,2026-03-16,46.33,47.24,47.75,47.75
11,campinas-sp-rio-de-janeiro-rj,2026-03-17,158.59,155.33,159.99,159.99
14,ipatinga-mg-vitoria-es,2026-03-20,99.37,97.03,98.74,98.74
9,ribeirao-preto-sp-sao-paulo-sp,2026-03-19,156.79,157.55,155.3,155.3
9,rio-de-janeiro-rj-vitoria-es,2026-03-19,125.14,134.09,119.89,130.67
4,rio-de-janeiro-rj-sao-paulo-sp,2026-03-18,125.01,116.17,121.49,114.99
5,sao-jose-dos-campos-sp-sao-paulo-sp,2026-03-19,44.83,47.12,46.03,47.75
1,belo-horizonte-mg-governador-valadares-mg,2026-03-20,177.85,161.3,188.67,180.87
21,governador-valadares-mg-sao-paulo-sp,2026-03-17,239.59,254.97,249.87,256.96
21,ipatinga-mg-vitoria-es,2026-03-20,92.49,91.4,94.06,90.93
17,belo-horizonte-mg-cabo-frio-rj,2026-03-20,190.9,154.9,199.9,149.9
15,belo-horizonte-mg-governador-valadares-mg,2026-03-20,133.48,120.66,118.79,101.26
11,ipatinga-mg-vitoria-es,2026-03-20,108.13,100.39,98.74,98.74
11,campinas-sp-rio-de-janeiro-rj,2026-03-21,158.55,163.11,159.99,159.99
11,rio-de-janeiro-rj-uberlandia-mg,2026-03-21,233.4,238.9,224.98,238.48
6,belo-horizonte-mg-sao-paulo-sp,2026-03-17,175.36,183.9,164.99,174.99
3,governador-valadares-mg-sao-paulo-sp,2026-03-16,244.69,245.69,239.9,249.87
1,campinas-sp-rio-de-janeiro-rj,2026-03-16,145.93,142.7,139.99,136.43
23,ipatinga-mg-vitoria-es,2026-03-18,98.23,90.93,96.4,90.93
24,sao-jose-dos-campos-sp-sao-paulo-sp,2026-03-19,52.05,46.71,50.25,47.75
25,governador-valadares-mg-sao-paulo-sp,2026-03-22,247.38,248.58,253.13,257.97
23,rio-de-janeiro-rj-vitoria-es,2026-03-20,125.27,139.37,130.4,127.9
22,campinas-sp-rio-de-janeiro-rj,2026-03-21,155.9,157.33,159.99,159.99
21,ribeirao-preto-sp-sao-paulo-sp,2026-03-22,167.29,169.78,158.9,158.9
15,belo-horizonte-mg-rio-de-janeiro-rj,2026-03-18,103.38,105.52,99.99,99.99
8,belo-horizonte-mg-governador-valadares-mg,2026-03-16,128.54,142.17,118.55,118.79
13,ipatinga-mg-vitoria-es,2026-03-21,91.06,90.0,92.28,90.04
10,ribeirao-preto-sp-sao-paulo-sp,2026-03-18,159.47,157.76,155.3,155.3
11,ribeirao-preto-sp-sao-paulo-sp,2026-03-22,163.86,169.52,158.9,158.9
9,sao-jose-dos-campos-sp-sao-paulo-sp,2026-03-20,50.5,47.17,50.3,47.75
5,ipatinga-mg-vitoria-es,2026-03-18,112.3,103.16,102.56,102.27
8,belo-horizonte-mg-montes-claros-mg,2026-03-22,152.93,192.06,134.97,181.79
3,belo-horizonte-mg-brasilia-df,2026-03-22,260.71,268.21,238.52,236.28
2,campinas-sp-rio-de-janeiro-rj,2026-03-21,158.65,162.4,149.99,159.99
22,rio-de-janeiro-rj-vitoria-es,2026-03-18,128.34,167.15,132.17,181.54
25,rio-de-janeiro-rj-vitoria-es,2026-03-21,131.26,155.04,132.43,139.91
21,belo-horizonte-mg-brasilia-df,2026-03-21,230.4,257.13,228.98,236.23
20,belo-horizonte-mg-uberlandia-mg,2026-03-20,107.49,109.0,88.44,88.54
15,campinas-sp-sao-paulo-sp,2026-03-16,55.04,54.56,56.5,56.2
17,sao-jose-dos-campos-sp-sao-paulo-sp,2026-03-18,47.07,47.07,47.75,47.75
15,belo-horizonte-mg-rio-de-janeiro-rj,2026-03-17,106.99,105.54,99.99,99.99
17,rio-de-janeiro-rj-vitoria-es,2026-03-19,138.47,156.67,129.9,151.66
15,rio-de-janeiro-rj-vitoria-es,2026-03-20,136.62,134.31,130.22,129.89
13,belo-horizonte-mg-brasilia-df,2026-03-20,238.29,232.5,228.98,227.99
9,belo-horizonte-mg-montes-claros-mg,2026-03-17,147.63,155.22,130.29,141.99
13,belo-horizonte-mg-sao-paulo-sp,2026-03-22,175.92,178.66,164.9,167.49
6,rio-de-janeiro-rj-uberlandia-mg,2026-03-16,237.15,246.0,224.98,239.47
8,sao-paulo-sp-vitoria-es,2026-03-18,225.85,227.55,235.98,232.05
7,campinas-sp-rio-de-janeiro-rj,2026-03-20,155.15,155.31,150.9,159.99
2,belo-horizonte-mg-sao-paulo-sp,2026-03-17,169.92,167.52,159.99,157.49
7,ipatinga-mg-vitoria-es,2026-03-22,100.87,105.79,102.56,105.79
4,belo-horizonte-mg-uberlandia-mg,2026-03-22,204.18,212.88,193.86,193.08
2,campinas-sp-sao-paulo-sp,2026-03-22,55.56,55.24,56.2,56.2
26,belo-horizonte-mg-cabo-frio-rj,2026-03-20,172.1,162.46,174.9,169.9
21,campinas-sp-sao-paulo-sp,2026-03-20,55.07,55.14,56.15,56.2
17,belo-horizonte-mg-brasilia-df,2026-03-17,229.4,262.77,235.58,266.06
16,belo-horizonte-mg-montes-claros-mg,2026-03-17,147.63,154.32,130.29,141.99
15,governador-valadares-mg-sao-paulo-sp,2026-03-19,252.0,242.61,241.83,242.89
16,belo-horizonte-mg-sao-paulo-sp,2026-03-21,192.68,194.71,184.99,189.99
11,belo-horizonte-mg-montes-claros-mg,2026-03-17,144.91,153.41,124.84,136.54
7,ipatinga-mg-vitoria-es,2026-03-17,99.79,96.4,105.79,96.4
6,campinas-sp-sao-paulo-sp,2026-03-19,55.1,55.05,56.2,56.2
2,belo-horizonte-mg-governador-valadares-mg,2026-03-16,153.82,145.39,155.92,149.47
7,belo-horizonte-mg-governador-valadares-mg,2026-03-21,129.45,127.27,118.55,118.55
7,belo-horizonte-mg-brasilia-df,2026-03-22,260.99,229.85,240.97,226.99
6,sao-jose-dos-campos-sp-sao-paulo-sp,2026-03-21,47.86,46.79,47.8,47.25
2,governador-valadares-mg-sao-paulo-sp,2026-03-18,252.21,254.22,256.99,253.13
1,rio-de-janeiro-rj-sao-paulo-sp,2026-03-17,124.36,117.42,124.9,118.51
3,belo-horizonte-mg-brasilia-df,2026-03-20,262.97,256.73,246.84,236.98
4,belo-horizonte-mg-montes-claros-mg,2026-03-21,139.87,146.53,134.97,148.25
4,campinas-sp-rio-de-janeiro-rj,2026-03-21,159.21,160.2,157.49,159.99
1,belo-horizonte-mg-rio-de-janeiro-rj,2026-03-19,145.59,181.21,139.95,209.99
1,belo-horizonte-mg-sao-paulo-sp,2026-03-21,185.36,194.23,167.45,179.99
28,rio-de-janeiro-rj-uberlandia-mg,2026-03-22,241.48,238.35,233.99,237.99
18,belo-horizonte-mg-governador-valadares-mg,2026-03-21,103.95,108.53,65.73,65.97
15,rio-de-janeiro-rj-vitoria-es,2026-03-19,134.16,129.5,129.9,127.55
15,ipatinga-mg-vitoria-es,2026-03-20,99.37,97.03,98.74,98.74
8,sao-jose-dos-campos-sp-sao-paulo-sp,2026-03-16,47.25,47.24,47.75,47.75
10,rio-de-janeiro-rj-uberlandia-mg,2026-03-19,228.65,238.98,223.98,238.48
9,campinas-sp-rio-de-janeiro-rj,2026-03-19,150.11,147.05,139.99,141.7
5,belo-horizonte-mg-uberlandia-mg,2026-03-16,136.87,114.34,101.79,88.65
8,rio-de-janeiro-rj-vitoria-es,2026-03-19,130.89,134.96,119.89,137.61
8,belo-horizonte-mg-rio-de-janeiro-rj,2026-03-21,115.97,111.47,109.99,109.99
4,rio-de-janeiro-rj-sao-paulo-sp,2026-03-22,131.79,118.27,138.49,123.43
1,belo-horizonte-mg-brasilia-df,2026-03-20,272.9,257.7,250.55,235.58
3,ipatinga-mg-vitoria-es,2026-03-22,118.49,124.48,112.28,122.22
26,belo-horizonte-mg-sao-paulo-sp,2026-03-21,207.87,193.55,199.99,189.99
26,rio-de-janeiro-rj-sao-paulo-sp,2026-03-22,104.91,105.68,104.99,103.43
19,rio-de-janeiro-rj-sao-paulo-sp,2026-03-18,101.02,102.57,94.21,95.0
21,rio-de-janeiro-rj-uberlandia-mg,2026-03-21,241.4,238.62,238.48,237.99
17,rio-de-janeiro-rj-uberlandia-mg,2026-03-18,237.48,237.29,237.99,237.99
19,sao-paulo-sp-vitoria-es,2026-03-21,219.5,225.04,211.19,228.57
10,belo-horizonte-mg-montes-claros-mg,2026-03-16,151.02,150.76,134.97,141.99
7,ribeirao-preto-sp-sao-paulo-sp,2026-03-18,158.35,157.6,155.3,155.3
4,campinas-sp-sao-paulo-sp,2026-03-19,55.27,55.27,56.2,56.2
25,belo-horizonte-mg-montes-claros-mg,2026-03-22,159.88,166.58,133.61,141.99
24,belo-horizonte-mg-rio-de-janeiro-rj,2026-03-21,89.56,88.71,69.99,94.45
18,belo-horizonte-mg-sao-paulo-sp,2026-03-17,185.21,184.95,174.99,174.99
17,rio-de-janeiro-rj-vitoria-es,2026-03-22,138.44,129.75,130.22,129.89
10,ribeirao-preto-sp-sao-paulo-sp,2026-03-19,156.79,157.55,155.3,155.3
7,sao-jose-dos-campos-sp-sao-paulo-sp,2026-03-17,47.1,47.07,47.8,47.75
9,belo-horizonte-mg-governador-valadares-mg,2026-03-20,155.71,134.49,180.87,118.79
4,sao-jose-dos-campos-sp-sao-paulo-sp,2026-03-18,47.1,48.45,47.8,47.75
23,belo-horizonte-mg-cabo-frio-rj,2026-03-19,196.99,179.04,199.9,179.9
25,ipatinga-mg-vitoria-es,2026-03-21,90.0,88.94,90.04,87.8
19,governador-valadares-mg-sao-paulo-sp,2026-03-16,262.54,284.03,256.96,269.21
18,belo-horizonte-mg-brasilia-df,2026-03-17,229.4,262.33,235.58,266.06
18,ipatinga-mg-vitoria-es,2026-03-18,103.18,90.93,96.4,90.93
17,belo-horizonte-mg-cabo-frio-rj,2026-03-22,236.34,208.46,213.4,219.9
8,belo-horizonte-mg-uberlandia-mg,2026-03-19,141.54,118.25,101.9,88.33
8,sao-paulo-sp-vitoria-es,2026-03-19,231.44,232.29,232.05,232.05
6,belo-horizonte-mg-rio-de-janeiro-rj,2026-03-18,130.53,113.59,139.99,109.99
4,belo-horizonte-mg-sao-paulo-sp,2026-03-18,167.55,184.15,154.99,174.99
7,campinas-sp-rio-de-janeiro-rj,2026-03-21,165.87,161.79,164.99,159.99
0,rio-de-janeiro-rj-sao-paulo-sp,2026-03-17,137.99,118.85,139.95,119.99
22,ribeirao-preto-sp-sao-paulo-sp,2026-03-16,161.01,159.8,158.9,158.9
23,belo-horizonte-mg-cabo-frio-rj,2026-03-18,222.9,168.61,219.9,159.9
26,campinas-sp-sao-paulo-sp,2026-03-21,55.14,55.53,56.2,56.2
23,ribeirao-preto-sp-sao-paulo-sp,2026-03-18,158.26,159.31,155.3,158.9
19,sao-jose-dos-campos-sp-sao-paulo-sp,2026-03-19,46.18,46.71,47.75,47.75
21,belo-horizonte-mg-governador-valadares-mg,2026-03-22,125.12,113.16,116.38,101.26
14,campinas-sp-rio-de-janeiro-rj,2026-03-16,149.55,147.67,143.89,154.99
15,belo-horizonte-mg-cabo-frio-rj,2026-03-18,229.9,159.9,239.9,139.9
13,ribeirao-preto-sp-sao-paulo-sp,2026-03-16,161.22,157.41,158.9,155.3
15,rio-de-janeiro-rj-sao-paulo-sp,2026-03-18,97.8,101.71,93.49,94.99
13,campinas-sp-sao-paulo-sp,2026-03-20,55.72,55.3,56.2,56.2
8,belo-horizonte-mg-brasilia-df,2026-03-16,244.0,223.8,236.66,234.23
10,belo-horizonte-mg-sao-paulo-sp,2026-03-18,165.69,174.4,154.99,164.99
9,ribeirao-preto-sp-sao-paulo-sp,2026-03-17,157.71,157.76,155.3,155.3
9,belo-horizonte-mg-sao-paulo-sp,2026-03-18,183.72,182.71,174.99,174.99
11,belo-horizonte-mg-uberlandia-mg,2026-03-20,138.33,115.06,88.65,101.41
12,ribeirao-preto-sp-sao-paulo-sp,2026-03-21,157.99,157.82,155.3,155.3
9,campinas-sp-rio-de-janeiro-rj,2026-03-20,163.47,156.39,159.99,159.99
6,belo-horizonte-mg-cabo-frio-rj,2026-03-21,223.99,185.74,231.49,192.49
2,rio-de-janeiro-rj-uberlandia-mg,2026-03-17,232.84,240.07,228.49,239.97
3,belo-horizonte-mg-montes-claros-mg,2026-03-20,157.7,165.02,139.27,150.98
1,belo-horizonte-mg-montes-claros-mg,2026-03-21,170.09,146.4,159.17,134.97
1,sao-paulo-sp-vitoria-es,2026-03-22,259.73,289.92,255.39,305.5
28,sao-paulo-sp-vitoria-es,2026-03-22,193.31,273.4,209.63,291.91
20,belo-horizonte-mg-brasilia-df,2026-03-17,230.74,262.33,236.02,266.06
22,sao-paulo-sp-vitoria-es,2026-03-20,211.24,249.69,219.29,231.05
17,belo-horizonte-mg-sao-paulo-sp,2026-03-17,181.61,185.2,172.49,174.99
16,governador-valadares-mg-sao-paulo-sp,2026-03-17,251.31,263.51,256.96,263.97
20,rio-de-janeiro-rj-uberlandia-mg,2026-03-21,241.39,238.62,238.48,237.99
17,ribeirao-preto-sp-sao-paulo-sp,2026-03-19,161.41,159.31,158.9,158.9
19,rio-de-janeiro-rj-vitoria-es,2026-03-21,128.3,152.62,118.34,129.91
11,belo-horizonte-mg-brasilia-df,2026-03-17,233.14,245.82,235.58,228.98
13,campinas-sp-sao-paulo-sp,2026-03-19,55.14,55.38,56.5,56.2
8,campinas-sp-rio-de-janeiro-rj,2026-03-18,147.89,145.18,139.99,139.99
10,belo-horizonte-mg-brasilia-df,2026-03-22,230.59,224.48,226.99,228.98
10,ribeirao-preto-sp-sao-paulo-sp,2026-03-22,162.13,169.52,158.9,158.9
9,governador-valadares-mg-sao-paulo-sp,2026-03-22,248.48,241.38,239.9,249.87
4,belo-horizonte-mg-rio-de-janeiro-rj,2026-03-19,140.88,163.58,136.9,189.99
1,rio-de-janeiro-rj-sao-paulo-sp,2026-03-16,126.92,122.53,124.99,124.9
2,sao-jose-dos-campos-sp-sao-paulo-sp,2026-03-17,46.07,52.1,44.25,50.25
0,belo-horizonte-mg-governador-valadares-mg,2026-03-16,168.76,168.61,180.87,180.87
2,ribeirao-preto-sp-sao-paulo-sp,2026-03-19,159.71,160.02,155.3,158.9
25,belo-horizonte-mg-cabo-frio-rj,2026-03-19,194.63,178.33,199.9,179.9
22,ipatinga-mg-vitoria-es,2026-03-17,93.67,90.93,94.06,90.93
25,ribeirao-preto-sp-sao-paulo-sp,2026-03-21,160.0,159.2,158.9,158.9
17,belo-horizonte-mg-governador-valadares-mg,2026-03-19,109.98,111.61,101.02,101.02
14,campinas-sp-sao-paulo-sp,2026-03-16,55.81,54.67,56.5,56.2
13,belo-horizonte-mg-governador-valadares-mg,2026-03-20,136.84,123.26,136.08,116.29
12,campinas-sp-rio-de-janeiro-rj,2026-03-20,163.74,157.37,169.99,159.99
11,sao-jose-dos-campos-sp-sao-paulo-sp,2026-03-19,40.46,47.12,39.05,47.75
12,sao-paulo-sp-vitoria-es,2026-03-20,215.14,246.46,228.8,231.05
7,sao-jose-dos-campos-sp-sao-paulo-sp,2026-03-16,48.41,47.24,50.3,47.75
9,campinas-sp-sao-paulo-sp,2026-03-21,55.54,55.55,56.2,56.2
4,ribeirao-preto-sp-sao-paulo-sp,2026-03-21,160.66,159.1,158.9,158.9
1,belo-horizonte-mg-governador-valadares-mg,2026-03-22,187.57,171.83,188.67,184.64
20,belo-horizonte-mg-sao-paulo-sp,2026-03-16,164.28,187.38,145.9,179.99
17,ipatinga-mg-vitoria-es,2026-03-17,89.89,90.93,87.8,90.93
21,belo-horizonte-mg-cabo-frio-rj,2026-03-22,197.34,195.12,185.4,199.9
20,belo-horizonte-mg-uberlandia-mg,2026-03-22,116.24,133.64,88.6,88.65
15,sao-paulo-sp-vitoria-es,2026-03-17,242.11,227.51,239.91,232.05
12,campinas-sp-sao-paulo-sp,2026-03-16,55.46,54.95,56.2,56.2
13,belo-horizonte-mg-cabo-frio-rj,2026-03-18,288.26,164.9,284.9,149.9
11,belo-horizonte-mg-sao-paulo-sp,2026-03-18,166.3,185.42,154.99,174.99
10,belo-horizonte-mg-cabo-frio-rj,2026-03-22,258.79,217.22,262.99,219.9
5,sao-paulo-sp-vitoria-es,2026-03-18,241.37,231.22,250.87,232.05
5,campinas-sp-sao-paulo-sp,2026-03-20,55.55,55.56,56.2,56.2
3,rio-de-janeiro-rj-vitoria-es,2026-03-18,136.38,144.52,129.9,145.9
4,rio-de-janeiro-rj-uberlandia-mg,2026-03-21,236.58,239.58,223.98,237.99
19,belo-horizonte-mg-rio-de-janeiro-rj,2026-03-17,89.86,101.6,69.99,99.99
21,sao-jose-dos-campos-sp-sao-paulo-sp,2026-03-19,47.12,48.49,47.75,47.75
20,belo-horizonte-mg-brasilia-df,2026-03-20,252.82,251.79,228.98,239.48
14,governador-valadares-mg-sao-paulo-sp,2026-03-20,257.96,227.47,258.8,225.91
13,ipatinga-mg-vitoria-es,2026-03-20,105.4,97.03,98.74,98.74
15,rio-de-janeiro-rj-sao-paulo-sp,2026-03-22,102.32,104.86,100.98,104.99
7,belo-horizonte-mg-governador-valadares-mg,2026-03-19,127.75,128.61,136.32,118.55
3,sao-jose-dos-campos-sp-sao-paulo-sp,2026-03-16,47.28,47.24,47.8,47.75
6,sao-paulo-sp-vitoria-es,2026-03-20,236.18,253.99,244.1,239.9
27,belo-horizonte-mg-brasilia-df,2026-03-21,223.86,250.41,228.98,232.98
22,campinas-sp-rio-de-janeiro-rj,2026-03-20,150.3,159.97,149.7,159.99
23,campinas-sp-rio-de-janeiro-rj,2026-03-22,152.54,163.08,149.99,169.99
19,rio-de-janeiro-rj-uberlandia-mg,2026-03-19,239.06,238.62,238.48,237.99
20,belo-horizonte-mg-governador-valadares-mg,2026-03-22,122.58,113.91,108.78,101.26
17,campinas-sp-rio-de-janeiro-rj,2026-03-21,157.99,157.68,159.99,159.99
8,belo-horizonte-mg-rio-de-janeiro-rj,2026-03-17,114.07,112.33,109.99,109.99
6,rio-de-janeiro-rj-sao-paulo-sp,2026-03-18,112.67,110.89,109.99,109.99
7,rio-de-janeiro-rj-vitoria-es,2026-03-19,102.91,139.27,98.91,139.91
9,ribeirao-preto-sp-sao-paulo-sp,2026-03-22,163.61,169.52,158.9,158.9
6,rio-de-janeiro-rj-sao-paulo-sp,2026-03-19,119.72,113.22,114.99,109.99
1,belo-horizonte-mg-governador-valadares-mg,2026-03-17,146.64,149.15,136.08,160.28
2,belo-horizonte-mg-uberlandia-mg,2026-03-19,222.34,156.16,193.92,163.23
2,belo-horizonte-mg-uberlandia-mg,2026-03-21,174.34,144.82,189.6,163.12
27,rio-de-janeiro-rj-sao-paulo-sp,2026-03-21,103.24,104.15,103.42,103.42
21,rio-de-janeiro-rj-vitoria-es,2026-03-18,125.69,149.37,132.17,143.41
23,sao-paulo-sp-vitoria-es,2026-03-20,204.75,266.32,209.63,232.05
17,rio-de-janeiro-rj-vitoria-es,2026-03-16,136.86,165.26,130.16,159.9
16,belo-horizonte-mg-rio-de-janeiro-rj,2026-03-19,132.19,137.39,139.99,139.99
12,ipatinga-mg-vitoria-es,2026-03-16,95.66,113.1,95.51,96.05
13,belo-horizonte-mg-uberlandia-mg,2026-03-20,140.3,109.06,88.54,88.65
12,sao-jose-dos-campos-sp-sao-paulo-sp,2026-03-21,48.99,47.41,50.3,47.75
9,sao-paulo-sp-vitoria-es,2026-03-18,230.93,230.28,239.91,232.05
10,belo-horizonte-mg-sao-paulo-sp,2026-03-20,172.14,170.3,159.99,159.99
8,belo-horizonte-mg-rio-de-janeiro-rj,2026-03-20,148.34,153.17,155.53,159.99
5,belo-horizonte-mg-sao-paulo-sp,2026-03-17,173.72,178.73,156.78,171.32
4,belo-horizonte-mg-uberlandia-mg,2026-03-20,190.17,149.57,163.77,163.23
3,campinas-sp-sao-paulo-sp,2026-03-19,55.27,54.76,56.2,56.2
4,belo-horizonte-mg-rio-de-janeiro-rj,2026-03-22,165.82,170.74,179.5,189.99
1,belo-horizonte-mg-cabo-frio-rj,2026-03-20,255.28,157.34,254.99,139.99
22,belo-horizonte-mg-uberlandia-mg,2026-03-17,110.83,103.0,88.33,88.19
23,campinas-sp-sao-paulo-sp,2026-03-19,55.43,55.0,55.7,56.2
25,sao-paulo-sp-vitoria-es,2026-03-22,218.37,276.51,209.63,239.91
21,belo-horizonte-mg-montes-claros-mg,2026-03-20,149.99,156.83,130.52,141.99
19,campinas-sp-rio-de-janeiro-rj,2026-03-22,150.9,169.96,149.99,169.99
14,governador-valadares-mg-sao-paulo-sp,2026-03-17,250.2,241.55,256.96,244.63
14,belo-horizonte-mg-brasilia-df,2026-03-19,235.77,247.34,228.98,228.98
11,belo-horizonte-mg-governador-valadares-mg,2026-03-21,114.41,120.5,101.26,116.71
4,belo-horizonte-mg-rio-de-janeiro-rj,2026-03-17,134.11,136.63,139.99,139.99
9,sao-jose-dos-campos-sp-sao-paulo-sp,2026-03-22,46.87,47.07,47.8,47.75
2,belo-horizonte-mg-rio-de-janeiro-rj,2026-03-16,148.03,170.9,139.95,189.99
6,rio-de-janeiro-rj-vitoria-es,2026-03-20,129.0,141.49,123.73,144.65
23,campinas-sp-rio-de-janeiro-rj,2026-03-17,146.55,152.7,144.99,159.99
26,rio-de-janeiro-rj-vitoria-es,2026-03-21,128.73,154.84,132.43,139.91
17,belo-horizonte-mg-cabo-frio-rj,2026-03-16,186.78,179.9,187.4,179.9
17,rio-de-janeiro-rj-sao-paulo-sp,2026-03-17,99.18,102.92,93.42,96.98
17,belo-horizonte-mg-governador-valadares-mg,2026-03-18,101.73,121.02,65.04,101.26
17,ribeirao-preto-sp-sao-paulo-sp,2026-03-20,173.33,169.19,173.4,158.9
10,ipatinga-mg-vitoria-es,2026-03-16,95.66,116.03,95.51,101.92
13,rio-de-janeiro-rj-sao-paulo-sp,2026-03-19,104.35,107.03,103.42,104.99
9,belo-horizonte-mg-uberlandia-mg,2026-03-17,91.96,109.11,88.33,88.54
10,ipatinga-mg-vitoria-es,2026-03-20,109.67,99.21,106.41,98.74
8,belo-horizonte-mg-governador-valadares-mg,2026-03-19,122.84,120.88,101.02,116.71
6,belo-horizonte-mg-governador-valadares-mg,2026-03-18,142.87,136.39,129.33,129.33
3,campinas-sp-sao-paulo-sp,2026-03-16,55.51,55.04,56.2,56.2
3,ipatinga-mg-vitoria-es,2026-03-18,112.3,106.1,102.56,105.79
6,belo-horizonte-mg-montes-claros-mg,2026-03-22,152.93,186.74,134.97,171.66
4,sao-jose-dos-campos-sp-sao-paulo-sp,2026-03-22,44.67,46.44,47.8,47.75
22,belo-horizonte-mg-rio-de-janeiro-rj,2026-03-17,91.51,93.39,69.99,99.99
18,belo-horizonte-mg-montes-claros-mg,2026-03-16,146.91,148.96,129.52,141.99
20,campinas-sp-rio-de-janeiro-rj,2026-03-19,149.42,150.33,139.99,150.9
17,governador-valadares-mg-sao-paulo-sp,2026-03-19,250.18,267.41,248.74,263.97
13,sao-paulo-sp-vitoria-es,2026-03-16,252.22,374.31,305.5,441.37
12,belo-horizonte-mg-cabo-frio-rj,2026-03-17,231.61,171.82,239.9,169.9
17,belo-horizonte-mg-sao-paulo-sp,2026-03-22,177.38,179.45,164.9,172.49
12,belo-horizonte-mg-uberlandia-mg,2026-03-17,102.74,111.72,88.33,88.65
11,belo-horizonte-mg-cabo-frio-rj,2026-03-17,222.9,169.47,219.9,169.9
10,governador-valadares-mg-sao-paulo-sp,2026-03-17,249.93,226.25,256.96,208.45
11,rio-de-janeiro-rj-sao-paulo-sp,2026-03-18,101.33,107.83,99.9,104.99
8,belo-horizonte-mg-uberlandia-mg,2026-03-18,113.64,154.2,88.33,101.41
11,sao-paulo-sp-vitoria-es,2026-03-21,222.55,223.78,226.58,228.95
9,rio-de-janeiro-rj-vitoria-es,2026-03-20,121.07,135.13,119.4,131.67
21,rio-de-janeiro-rj-uberlandia-mg,2026-03-16,247.2,245.7,239.47,238.97
23,rio-de-janeiro-rj-vitoria-es,2026-03-18,125.75,153.07,121.17,145.9
16,sao-jose-dos-campos-sp-sao-paulo-sp,2026-03-17,48.45,46.1,47.75,47.75
17,belo-horizonte-mg-brasilia-df,2026-03-20,253.87,238.72,228.98,236.21
14,sao-jose-dos-campos-sp-sao-paulo-sp,2026-03-17,47.07,47.07,47.75,47.75
15,belo-horizonte-mg-montes-claros-mg,2026-03-19,148.73,155.61,130.29,141.99
13,governador-valadares-mg-sao-paulo-sp,2026-03-19,250.67,230.06,240.87,217.18
15,governador-valadares-mg-sao-paulo-sp,2026-03-21,259.08,233.66,261.99,238.58
10,sao-paulo-sp-vitoria-es,2026-03-16,255.04,232.25,257.86,235.98
12,rio-de-janeiro-rj-vitoria-es,2026-03-20,129.16,136.39,125.07,129.91
9,sao-paulo-sp-vitoria-es,2026-03-17,249.2,233.21,240.23,236.7
8,belo-horizonte-mg-sao-paulo-sp,2026-03-17,183.3,185.87,174.99,174.99
7,campinas-sp-sao-paulo-sp,2026-03-20,55.21,55.23,56.2,56.2
8,ipatinga-mg-vitoria-es,2026-03-21,94.9,90.0,94.83,90.04
5,rio-de-janeiro-rj-uberlandia-mg,2026-03-21,235.78,239.48,223.98,238.48
3,belo-horizonte-mg-rio-de-janeiro-rj,2026-03-20,150.96,167.48,147.18,179.99
4,sao-jose-dos-campos-sp-sao-paulo-sp,2026-03-21,47.86,47.83,47.8,47.75
8,belo-horizonte-mg-brasilia-df,2026-03-19,247.26,222.42,234.23,226.99
28,belo-horizonte-mg-cabo-frio-rj,2026-03-22,182.7,172.46,177.4,179.9
25,sao-paulo-sp-vitoria-es,2026-03-19,183.98,277.82,199.91,287.11
25,rio-de-janeiro-rj-sao-paulo-sp,2026-03-21,101.0,105.49,102.7,107.99
22,belo-horizonte-mg-brasilia-df,2026-03-20,264.62,253.82,235.58,240.97
18,rio-de-janeiro-rj-vitoria-es,2026-03-16,132.28,168.25,131.29,159.91
19,governador-valadares-mg-sao-paulo-sp,2026-03-18,257.86,265.83,256.98,263.44
19,campinas-sp-sao-paulo-sp,2026-03-22,55.19,55.69,56.2,56.2
10,campinas-sp-rio-de-janeiro-rj,2026-03-19,149.33,145.99,139.99,139.99
7,belo-horizonte-mg-montes-claros-mg,2026-03-18,148.76,172.79,130.29,159.95
7,belo-horizonte-mg-cabo-frio-rj,2026-03-19,253.79,169.07,259.99,172.99
5,belo-horizonte-mg-cabo-frio-rj,2026-03-18,305.11,170.74,299.99,174.99
6,campinas-sp-sao-paulo-sp,2026-03-22,55.45,55.04,56.5,56.2
22,governador-valadares-mg-sao-paulo-sp,2026-03-19,245.09,266.29,252.39,257.97
24,governador-valadares-mg-sao-paulo-sp,2026-03-21,253.54,268.46,260.4,263.98
22,rio-de-janeiro-rj-uberlandia-mg,2026-03-19,239.06,238.53,238.48,237.99
20,sao-paulo-sp-vitoria-es,2026-03-17,189.89,256.33,194.77,239.91
20,campinas-sp-sao-paulo-sp,2026-03-21,55.24,54.9,56.2,56.2
16,belo-horizonte-mg-uberlandia-mg,2026-03-22,119.19,137.2,88.6,88.65
12,belo-horizonte-mg-montes-claros-mg,2026-03-19,148.96,153.97,130.29,136.54
15,campinas-sp-rio-de-janeiro-rj,2026-03-22,163.66,159.68,159.99,159.99
12,belo-horizonte-mg-montes-claros-mg,2026-03-20,149.93,160.14,130.29,141.99
14,belo-horizonte-mg-uberlandia-mg,2026-03-22,125.43,132.72,95.09,88.65
12,belo-horizonte-mg-montes-claros-mg,2026-03-21,133.36,139.02,130.29,136.54
12,belo-horizonte-mg-cabo-frio-rj,2026-03-22,241.55,210.68,224.9,219.9
6,belo-horizonte-mg-governador-valadares-mg,2026-03-17,116.68,129.76,118.55,118.79
4,belo-horizonte-mg-montes-claros-mg,2026-03-20,157.03,170.1,136.54,153.7
23,belo-horizonte-mg-rio-de-janeiro-rj,2026-03-19,112.02,107.17,109.9,104.9
19,belo-horizonte-mg-montes-claros-mg,2026-03-16,147.61,148.96,130.29,141.99
21,belo-horizonte-mg-rio-de-janeiro-rj,2026-03-18,86.91,92.68,69.99,99.99
16,sao-jose-dos-campos-sp-sao-paulo-sp,2026-03-19,47.12,47.12,47.75,47.75
11,campinas-sp-sao-paulo-sp,2026-03-16,54.85,54.77,56.5,56.2
9,belo-horizonte-mg-governador-valadares-mg,2026-03-16,128.41,141.87,118.55,119.4
9,governador-valadares-mg-sao-paulo-sp,2026-03-19,251.2,230.97,241.83,225.91
10,belo-horizonte-mg-cabo-frio-rj,2026-03-21,207.85,179.94,221.95,186.45
5,rio-de-janeiro-rj-uberlandia-mg,2026-03-18,228.76,238.12,223.97,237.99
2,belo-horizonte-mg-brasilia-df,2026-03-20,271.91,254.57,247.99,235.58
1,campinas-sp-rio-de-janeiro-rj,2026-03-19,149.13,142.51,139.99,139.99
1,belo-horizonte-mg-montes-claros-mg,2026-03-20,175.77,168.65,153.7,136.54
25,belo-horizonte-mg-cabo-frio-rj,2026-03-20,175.57,162.46,179.9,169.9
21,belo-horizonte-mg-cabo-frio-rj,2026-03-18,229.19,146.57,229.9,134.9
23,belo-horizonte-mg-cabo-frio-rj,2026-03-21,188.65,162.04,177.4,169.9
18,ipatinga-mg-vitoria-es,2026-03-16,92.93,99.61,90.04,96.05
21,belo-horizonte-mg-brasilia-df,2026-03-22,246.29,262.96,228.98,243.45
16,sao-jose-dos-campos-sp-sao-paulo-sp,2026-03-18,47.07,46.66,47.75,47.75
19,belo-horizonte-mg-governador-valadares-mg,2026-03-22,126.09,114.34,116.71,101.26
14,belo-horizonte-mg-sao-paulo-sp,2026-03-18,184.98,207.73,174.99,240.0
12,ribeirao-preto-sp-sao-paulo-sp,2026-03-16,158.94,155.85,155.3,155.3
13,belo-horizonte-mg-montes-claros-mg,2026-03-18,148.54,177.9,130.29,153.7
15,belo-horizonte-mg-sao-paulo-sp,2026-03-20,183.78,170.51,169.99,145.9
15,rio-de-janeiro-rj-sao-paulo-sp,2026-03-20,103.3,105.78,100.98,104.99
14,belo-horizonte-mg-rio-de-janeiro-rj,2026-03-21,112.67,107.61,109.99,109.9
12,belo-horizonte-mg-uberlandia-mg,2026-03-19,116.95,111.71,88.33,88.33
12,sao-jose-dos-campos-sp-sao-paulo-sp,2026-03-19,44.79,46.71,46.0,47.75
7,rio-de-janeiro-rj-sao-paulo-sp,2026-03-16,104.36,113.08,99.91,107.16
8,rio-de-janeiro-rj-sao-paulo-sp,2026-03-17,101.47,108.56,99.9,104.99
11,rio-de-janeiro-rj-vitoria-es,2026-03-20,122.54,136.01,119.9,137.61
4,campinas-sp-rio-de-janeiro-rj,2026-03-18,147.97,142.53,139.99,139.99
6,belo-horizonte-mg-uberlandia-mg,2026-03-21,152.58,120.1,163.23,101.52
6,ipatinga-mg-vitoria-es,2026-03-22,100.87,109.1,102.56,105.79
5,belo-horizonte-mg-rio-de-janeiro-rj,2026-03-22,147.54,165.09,159.5,170.0
1,belo-horizonte-mg-uberlandia-mg,2026-03-22,262.26,219.14,261.05,223.15
19,governador-valadares-mg-sao-paulo-sp,2026-03-19,249.37,267.41,247.11,263.97
19,rio-de-janeiro-rj-sao-paulo-sp,2026-03-20,102.68,104.3,100.98,104.99
15,rio-de-janeiro-rj-sao-paulo-sp,2026-03-19,105.11,106.62,103.42,104.99
14,governador-valadares-mg-sao-paulo-sp,2026-03-19,252.26,228.3,241.83,208.45
16,sao-jose-dos-campos-sp-sao-paulo-sp,2026-03-22,45.67,47.07,44.25,47.75
11,belo-horizonte-mg-rio-de-janeiro-rj,2026-03-20,153.73,153.73,169.99,169.99
11,belo-horizonte-mg-sao-paulo-sp,2026-03-20,178.74,169.72,169.99,159.99
8,rio-de-janeiro-rj-uberlandia-mg,2026-03-17,230.04,239.88,230.99,239.97
12,sao-jose-dos-campos-sp-sao-paulo-sp,2026-03-22,46.41,47.07,47.8,47.75
4,sao-paulo-sp-vitoria-es,2026-03-17,244.28,234.19,243.94,236.7
6,campinas-sp-sao-paulo-sp,2026-03-20,55.55,55.23,56.2,56.2
1,belo-horizonte-mg-rio-de-janeiro-rj,2026-03-17,153.91,166.33,169.99,179.99
6,belo-horizonte-mg-uberlandia-mg,2026-03-22,205.57,191.79,190.27,193.08
3,campinas-sp-rio-de-janeiro-rj,2026-03-19,151.28,144.28,149.99,141.7
0,governador-valadares-mg-sao-paulo-sp,2026-03-18,334.48,334.48,334.48,334.48
2,governador-valadares-mg-sao-paulo-sp,2026-03-22,247.24,257.23,239.9,259.9
25,campinas-sp-sao-paulo-sp,2026-03-19,55.43,54.93,55.7,56.2
24,rio-de-janeiro-rj-uberlandia-mg,2026-03-18,240.98,236.99,237.99,237.99
23,ipatinga-mg-vitoria-es,2026-03-20,92.49,90.3,94.06,87.8
20,belo-horizonte-mg-sao-paulo-sp,2026-03-20,180.87,183.62,159.99,159.99
14,ipatinga-mg-vitoria-es,2026-03-19,97.87,93.86,98.74,90.93
16,rio-de-janeiro-rj-uberlandia-mg,2026-03-21,235.48,238.73,227.49,238.48
12,belo-horizonte-mg-governador-valadares-mg,2026-03-19,119.39,116.73,116.71,101.26
14,sao-jose-dos-campos-sp-sao-paulo-sp,2026-03-21,46.93,47.83,47.75,47.75
9,rio-de-janeiro-rj-uberlandia-mg,2026-03-17,228.59,238.22,230.99,238.99
7,rio-de-janeiro-rj-uberlandia-mg,2026-03-17,229.24,239.98,225.98,239.97
3,belo-horizonte-mg-brasilia-df,2026-03-16,248.71,236.27,243.45,242.46
3,rio-de-janeiro-rj-vitoria-es,2026-03-22,134.39,145.67,129.9,145.9
26,belo-horizonte-mg-brasilia-df,2026-03-21,199.41,253.34,220.98,232.98
26,rio-de-janeiro-rj-sao-paulo-sp,2026-03-21,103.02,104.75,103.43,103.43
25,belo-horizonte-mg-sao-paulo-sp,2026-03-21,170.29,194.13,159.99,189.99
22,sao-paulo-sp-vitoria-es,2026-03-18,195.1,247.94,209.63,251.05
21,belo-horizonte-mg-governador-valadares-mg,2026-03-18,101.16,104.98,65.04,65.73
21,campinas-sp-sao-paulo-sp,2026-03-18,55.02,54.87,56.2,56.2
18,campinas-sp-sao-paulo-sp,2026-03-18,55.8,54.9,56.2,56.2
21,sao-jose-dos-campos-sp-sao-paulo-sp,2026-03-22,45.25,46.66,47.75,47.75
16,belo-horizonte-mg-brasilia-df,2026-03-19,251.07,243.75,228.98,242.46
10,belo-horizonte-mg-sao-paulo-sp,2026-03-16,163.09,173.27,154.99,159.99
6,belo-horizonte-mg-governador-valadares-mg,2026-03-22,163.97,155.03,173.17,173.41
3,ipatinga-mg-vitoria-es,2026-03-19,117.2,103.83,99.19,98.74
1,belo-horizonte-mg-sao-paulo-sp,2026-03-22,176.02,194.57,174.99,193.81
24,belo-horizonte-mg-sao-paulo-sp,2026-03-18,167.82,182.29,154.99,172.49
21,campinas-sp-rio-de-janeiro-rj,2026-03-17,150.39,151.66,154.99,159.99
24,belo-horizonte-mg-governador-valadares-mg,2026-03-21,102.55,99.97,65.16,64.92
24,belo-horizonte-mg-brasilia-df,2026-03-22,266.19,262.96,235.58,243.45
17,campinas-sp-sao-paulo-sp,2026-03-18,55.02,54.9,56.2,56.2
16,campinas-sp-rio-de-janeiro-rj,2026-03-21,159.34,156.99,159.99,159.99
9,belo-horizonte-mg-governador-valadares-mg,2026-03-18,123.2,140.21,118.79,142.48
6,rio-de-janeiro-rj-vitoria-es,2026-03-17,118.95,132.26,109.1,127.55
6,sao-paulo-sp-vitoria-es,2026-03-17,232.64,229.79,235.98,232.05
1,ribeirao-preto-sp-sao-paulo-sp,2026-03-20,167.25,169.18,158.9,158.9
1,belo-horizonte-mg-montes-claros-mg,2026-03-19,172.76,149.28,145.43,134.97
26,governador-valadares-mg-sao-paulo-sp,2026-03-20,252.45,269.64,253.13,258.83
24,governador-valadares-mg-sao-paulo-sp,2026-03-19,245.28,270.61,251.5,257.97
20,governador-valadares-mg-sao-paulo-sp,2026-03-17,247.81,254.97,256.96,256.96
19,belo-horizonte-mg-governador-valadares-mg,2026-03-18,101.73,110.72,65.04,101.02
22,belo-horizonte-mg-rio-de-janeiro-rj,2026-03-22,109.83,107.01,89.99,89.99
11,belo-horizonte-mg-rio-de-janeiro-rj,2026-03-18,109.85,113.02,109.99,109.99
9,belo-horizonte-mg-governador-valadares-mg,2026-03-17,110.54,118.72,101.26,116.5
4,belo-horizonte-mg-governador-valadares-mg,2026-03-17,131.05,128.42,118.79,118.79
1,campinas-sp-sao-paulo-sp,2026-03-17,55.3,54.91,56.2,56.2
1,belo-horizonte-mg-cabo-frio-rj,2026-03-18,309.98,182.92,299.99,193.49
1,sao-paulo-sp-vitoria-es,2026-03-20,259.96,264.17,250.87,239.91
24,sao-jose-dos-campos-sp-sao-paulo-sp,2026-03-20,47.17,47.17,47.75,47.75
22,governador-valadares-mg-sao-paulo-sp,2026-03-22,247.69,250.97,240.54,263.97
18,belo-horizonte-mg-rio-de-janeiro-rj,2026-03-21,86.9,99.61,69.99,99.99
15,belo-horizonte-mg-sao-paulo-sp,2026-03-18,163.71,202.14,137.05,189.99
12,sao-jose-dos-campos-sp-sao-paulo-sp,2026-03-17,47.07,47.07,47.75,47.75
12,rio-de-janeiro-rj-vitoria-es,2026-03-18,142.5,134.46,135.23,137.61
11,rio-de-janeiro-rj-uberlandia-mg,2026-03-18,226.69,237.62,224.98,237.99
14,rio-de-janeiro-rj-vitoria-es,2026-03-22,128.47,128.44,130.22,127.55
9,rio-de-janeiro-rj-uberlandia-mg,2026-03-20,243.58,241.61,225.98,238.97
5,belo-horizonte-mg-cabo-frio-rj,2026-03-20,259.79,188.09,267.99,194.49
3,rio-de-janeiro-rj-uberlandia-mg,2026-03-22,238.58,239.78,225.98,237.99
24,belo-horizonte-mg-brasilia-df,2026-03-21,233.01,257.13,231.97,236.23
24,belo-horizonte-mg-cabo-frio-rj,2026-03-21,193.47,157.76,179.9,169.9
22,belo-horizonte-mg-cabo-frio-rj,2026-03-21,193.47,162.04,179.9,169.9
22,belo-horizonte-mg-sao-paulo-sp,2026-03-21,196.45,186.29,189.99,174.99
19,ribeirao-preto-sp-sao-paulo-sp,2026-03-21,175.0,159.2,173.4,158.9
12,rio-de-janeiro-rj-sao-paulo-sp,2026-03-18,100.77,107.31,98.51,103.42
15,rio-de-janeiro-rj-sao-paulo-sp,2026-03-21,100.22,103.59,95.9,94.99
13,sao-jose-dos-campos-sp-sao-paulo-sp,2026-03-19,44.79,47.12,46.0,47.75
14,rio-de-janeiro-rj-uberlandia-mg,2026-03-21,234.76,238.73,223.98,238.48
7,campinas-sp-rio-de-janeiro-rj,2026-03-19,148.22,146.37,149.99,141.7
2,sao-paulo-sp-vitoria-es,2026-03-16,233.99,261.61,236.7,236.7
1,rio-de-janeiro-rj-sao-paulo-sp,2026-03-19,133.54,118.85,138.49,123.42
19,belo-horizonte-mg-uberlandia-mg,2026-03-16,104.35,104.22,88.54,88.4
19,campinas-sp-sao-paulo-sp,2026-03-16,55.1,54.87,56.2,56.2
20,ribeirao-preto-sp-sao-paulo-sp,2026-03-19,159.49,159.31,155.3,158.9
15,belo-horizonte-mg-uberlandia-mg,2026-03-16,93.19,111.74,88.54,88.65
16,belo-horizonte-mg-cabo-frio-rj,2026-03-20,197.34,164.9,199.9,159.9
17,belo-horizonte-mg-governador-valadares-mg,2026-03-22,136.36,121.59,118.55,108.74
15,belo-horizonte-mg-uberlandia-mg,2026-03-20,134.08,109.06,88.65,88.65
10,campinas-sp-rio-de-janeiro-rj,2026-03-18,144.3,149.64,139.99,154.99
7,ribeirao-preto-sp-sao-paulo-sp,2026-03-16,158.73,159.07,155.3,155.3
6,campinas-sp-sao-paulo-sp,2026-03-16,55.18,55.11,56.2,56.2
5,rio-de-janeiro-rj-vitoria-es,2026-03-17,117.35,137.71,109.9,139.91
4,campinas-sp-sao-paulo-sp,2026-03-17,55.39,54.98,56.2,56.2
4,rio-de-janeiro-rj-vitoria-es,2026-03-17,129.69,136.19,125.65,137.61
6,campinas-sp-rio-de-janeiro-rj,2026-03-20,155.03,142.51,150.9,138.91
4,ribeirao-preto-sp-sao-paulo-sp,2026-03-18,160.87,157.76,158.9,155.3
1,belo-horizonte-mg-brasilia-df,2026-03-19,273.92,245.13,264.54,235.58
24,belo-horizonte-mg-governador-valadares-mg,2026-03-18,101.16,98.99,65.04,64.92
24,belo-horizonte-mg-montes-claros-mg,2026-03-18,157.04,155.52,141.99,141.99
27,governador-valadares-mg-sao-paulo-sp,2026-03-21,262.51,272.1,263.42,263.97
24,ribeirao-preto-sp-sao-paulo-sp,2026-03-18,160.22,159.31,158.9,158.9
23,rio-de-janeiro-rj-vitoria-es,2026-03-17,115.85,158.23,116.15,159.91
20,ipatinga-mg-vitoria-es,2026-03-22,99.16,97.1,94.06,96.4
12,belo-horizonte-mg-uberlandia-mg,2026-03-16,104.35,102.73,88.54,88.65
10,belo-horizonte-mg-governador-valadares-mg,2026-03-16,121.92,138.54,116.38,118.79
8,rio-de-janeiro-rj-vitoria-es,2026-03-20,125.34,138.71,109.1,137.61
5,ribeirao-preto-sp-sao-paulo-sp,2026-03-18,158.13,157.76,155.3,155.3
2,ipatinga-mg-vitoria-es,2026-03-16,105.24,153.6,104.88,159.0
2,rio-de-janeiro-rj-uberlandia-mg,2026-03-16,223.53,255.86,223.98,262.96
2,sao-jose-dos-campos-sp-sao-paulo-sp,2026-03-18,47.1,47.07,47.8,47.75
5,sao-jose-dos-campos-sp-sao-paulo-sp,2026-03-21,46.82,47.83,47.28,47.75
4,ipatinga-mg-vitoria-es,2026-03-21,94.91,92.73,94.83,93.17
2,ribeirao-preto-sp-sao-paulo-sp,2026-03-21,160.66,159.44,158.9,157.1
26,campinas-sp-rio-de-janeiro-rj,2026-03-20,154.2,161.6,149.99,165.18
21,belo-horizonte-mg-governador-valadares-mg,2026-03-16,113.4,112.21,101.02,101.02
22,belo-horizonte-mg-sao-paulo-sp,2026-03-18,181.25,174.85,159.99,159.99
22,campinas-sp-rio-de-janeiro-rj,2026-03-19,148.69,151.26,139.99,150.2
20,belo-horizonte-mg-cabo-frio-rj,2026-03-18,224.9,155.73,224.9,139.9
18,ipatinga-mg-vitoria-es,2026-03-17,89.89,90.93,87.8,90.93
19,rio-de-janeiro-rj-uberlandia-mg,2026-03-18,237.48,237.14,237.99,237.99
13,belo-horizonte-mg-montes-claros-mg,2026-03-17,147.63,157.04,130.29,141.99
14,ribeirao-preto-sp-sao-paulo-sp,2026-03-19,159.26,157.55,158.9,155.3
11,belo-horizonte-mg-sao-paulo-sp,2026-03-17,164.91,177.86,154.99,164.99
10,belo-horizonte-mg-uberlandia-mg,2026-03-16,93.75,117.6,88.65,101.41
14,ipatinga-mg-vitoria-es,2026-03-21,90.0,90.0,90.04,90.04
9,belo-horizonte-mg-uberlandia-mg,2026-03-19,135.03,111.71,88.65,88.33
7,belo-horizonte-mg-cabo-frio-rj,2026-03-18,273.24,177.7,263.99,179.99
3,belo-horizonte-mg-sao-paulo-sp,2026-03-17,167.8,185.61,159.99,174.99
2,campinas-sp-sao-paulo-sp,2026-03-16,55.58,55.13,56.2,56.2
4,rio-de-janeiro-rj-uberlandia-mg,2026-03-19,232.19,242.65,223.98,237.99
1,campinas-sp-rio-de-janeiro-rj,2026-03-20,155.41,142.4,157.9,138.91
25,campinas-sp-rio-de-janeiro-rj,2026-03-21,153.63,157.58,159.99,159.99
19,belo-horizonte-mg-rio-de-janeiro-rj,2026-03-16,124.58,120.49,129.99,119.9
18,belo-horizonte-mg-uberlandia-mg,2026-03-21,116.98,93.69,88.65,88.6
17,belo-horizonte-mg-brasilia-df,2026-03-22,242.46,252.39,228.98,228.98
17,belo-horizonte-mg-rio-de-janeiro-rj,2026-03-22,133.11,134.47,139.99,139.99
12,sao-paulo-sp-vitoria-es,2026-03-17,265.44,230.71,272.87,236.7
10,belo-horizonte-mg-brasilia-df,2026-03-16,244.0,244.61,236.66,234.23
13,belo-horizonte-mg-brasilia-df,2026-03-21,260.56,230.14,231.97,228.98
11,rio-de-janeiro-rj-uberlandia-mg,2026-03-20,243.98,250.31,225.98,239.97
10,ribeirao-preto-sp-sao-paulo-sp,2026-03-20,169.38,169.15,158.9,158.9
7,sao-paulo-sp-vitoria-es,2026-03-17,234.22,229.79,239.9,232.05
11,belo-horizonte-mg-cabo-frio-rj,2026-03-22,210.97,211.79,219.9,219.9
10,rio-de-janeiro-rj-vitoria-es,2026-03-21,115.33,132.23,113.16,138.28
8,sao-jose-dos-campos-sp-sao-paulo-sp,2026-03-19,46.22,46.71,47.8,47.75
22,campinas-sp-rio-de-janeiro-rj,2026-03-16,144.33,153.73,138.91,157.19
21,belo-horizonte-mg-montes-claros-mg,2026-03-18,147.66,155.85,130.41,141.99
19,sao-jose-dos-campos-sp-sao-paulo-sp,2026-03-16,46.82,46.82,47.75,47.75
18,belo-horizonte-mg-uberlandia-mg,2026-03-17,107.0,104.45,88.33,88.4
18,rio-de-janeiro-rj-uberlandia-mg,2026-03-18,237.48,237.14,237.99,237.99
16,campinas-sp-rio-de-janeiro-rj,2026-03-19,151.28,146.98,146.95,139.99
19,ribeirao-preto-sp-sao-paulo-sp,2026-03-22,163.18,172.42,158.9,155.3
11,belo-horizonte-mg-montes-claros-mg,2026-03-16,147.73,146.76,134.97,141.99
17,ribeirao-preto-sp-sao-paulo-sp,2026-03-22,167.29,169.52,158.9,158.9
14,rio-de-janeiro-rj-uberlandia-mg,2026-03-19,229.07,238.73,223.98,238.48
10,rio-de-janeiro-rj-uberlandia-mg,2026-03-16,238.76,245.74,224.98,239.47
13,rio-de-janeiro-rj-vitoria-es,2026-03-21,127.44,133.36,130.22,133.47
10,belo-horizonte-mg-uberlandia-mg,2026-03-19,130.47,111.71,88.65,88.33
12,governador-valadares-mg-sao-paulo-sp,2026-03-21,260.53,235.37,261.27,238.58
7,governador-valadares-mg-sao-paulo-sp,2026-03-17,249.33,226.22,256.96,208.45
8,rio-de-janeiro-rj-vitoria-es,2026-03-22,127.68,137.41,127.55,139.9
7,sao-paulo-sp-vitoria-es,2026-03-21,220.45,228.33,226.58,232.05
23,rio-de-janeiro-rj-sao-paulo-sp,2026-03-17,103.02,106.87,94.99,103.42
22,belo-horizonte-mg-uberlandia-mg,2026-03-18,117.14,138.2,88.44,88.51
19,belo-horizonte-mg-montes-claros-mg,2026-03-19,147.97,155.64,130.29,141.99
20,belo-horizonte-mg-brasilia-df,2026-03-22,249.34,269.45,228.43,243.45
19,belo-horizonte-mg-cabo-frio-rj,2026-03-21,192.15,165.61,179.9,169.9
19,campinas-sp-rio-de-janeiro-rj,2026-03-21,156.27,155.77,159.99,159.99
20,sao-paulo-sp-vitoria-es,2026-03-22,242.25,231.57,302.27,228.8
16,ribeirao-preto-sp-sao-paulo-sp,2026-03-19,161.41,156.75,158.9,155.3
13,campinas-sp-rio-de-janeiro-rj,2026-03-17,156.9,152.92,159.99,157.49
14,rio-de-janeiro-rj-vitoria-es,2026-03-18,137.31,126.06,129.91,127.55
11,belo-horizonte-mg-governador-valadares-mg,2026-03-16,126.99,140.02,116.47,128.44
11,campinas-sp-sao-paulo-sp,2026-03-18,54.86,54.93,56.2,56.2
9,ipatinga-mg-vitoria-es,2026-03-18,114.18,93.66,110.48,94.06
8,ipatinga-mg-vitoria-es,2026-03-18,116.15,96.6,105.79,96.4
11,belo-horizonte-mg-uberlandia-mg,2026-03-22,161.95,146.25,163.5,101.52
9,belo-horizonte-mg-cabo-frio-rj,2026-03-21,160.66,175.49,154.99,192.49
8,campinas-sp-sao-paulo-sp,2026-03-22,55.59,55.27,56.2,56.2
2,belo-horizonte-mg-montes-claros-mg,2026-03-17,162.68,191.16,139.27,181.79
5,belo-horizonte-mg-sao-paulo-sp,2026-03-22,165.85,186.13,159.99,174.99
0,rio-de-janeiro-rj-sao-paulo-sp,2026-03-18,144.79,118.07,148.49,119.9
2,sao-paulo-sp-vitoria-es,2026-03-21,266.82,242.5,262.35,239.9
2,belo-horizonte-mg-montes-claros-mg,2026-03-22,166.85,175.46,141.99,176.34
26,campinas-sp-rio-de-janeiro-rj,2026-03-22,151.76,162.38,149.7,169.99
22,governador-valadares-mg-sao-paulo-sp,2026-03-20,248.3,259.87,240.88,263.97
24,rio-de-janeiro-rj-uberlandia-mg,2026-03-22,241.73,238.62,233.98,237.99
18,campinas-sp-sao-paulo-sp,2026-03-17,54.79,55.07,56.2,56.2
13,rio-de-janeiro-rj-vitoria-es,2026-03-17,142.18,130.87,130.23,127.55
11,belo-horizonte-mg-montes-claros-mg,2026-03-20,149.03,160.14,130.29,141.99
9,belo-horizonte-mg-rio-de-janeiro-rj,2026-03-20,145.37,153.0,159.0,159.99
10,governador-valadares-mg-sao-paulo-sp,2026-03-21,253.05,232.2,260.98,225.91
9,belo-horizonte-mg-rio-de-janeiro-rj,2026-03-21,109.93,111.74,109.99,109.99
3,governador-valadares-mg-sao-paulo-sp,2026-03-20,255.63,267.46,259.78,258.37
3,belo-horizonte-mg-uberlandia-mg,2026-03-21,174.66,129.84,163.88,101.85
1,belo-horizonte-mg-uberlandia-mg,2026-03-20,232.76,182.69,208.51,193.08
25,sao-jose-dos-campos-sp-sao-paulo-sp,2026-03-20,47.17,47.17,47.75,47.75
20,ribeirao-preto-sp-sao-paulo-sp,2026-03-16,158.95,159.8,155.3,158.9
23,rio-de-janeiro-rj-vitoria-es,2026-03-21,139.87,150.25,143.72,135.89
18,rio-de-janeiro-rj-vitoria-es,2026-03-18,134.4,158.76,129.91,163.72
20,rio-de-janeiro-rj-uberlandia-mg,2026-03-22,241.38,238.73,237.99,238.48
13,sao-jose-dos-campos-sp-sao-paulo-sp,2026-03-17,47.07,47.07,47.75,47.75
10,governador-valadares-mg-sao-paulo-sp,2026-03-16,260.36,234.96,256.96,242.92
14,belo-horizonte-mg-uberlandia-mg,2026-03-21,109.06,122.84,88.6,101.52
11,sao-paulo-sp-vitoria-es,2026-03-19,244.02,230.71,239.91,232.05
11,belo-horizonte-mg-rio-de-janeiro-rj,2026-03-22,149.42,152.73,139.99,159.99
10,ribeirao-preto-sp-sao-paulo-sp,2026-03-21,158.83,157.34,155.3,155.3
5,governador-valadares-mg-sao-paulo-sp,2026-03-17,233.84,230.38,237.5,217.18
5,sao-jose-dos-campos-sp-sao-paulo-sp,2026-03-18,47.1,48.29,47.8,50.25
4,campinas-sp-sao-paulo-sp,2026-03-18,55.49,55.01,56.2,56.2
1,belo-horizonte-mg-brasilia-df,2026-03-16,257.97,238.55,260.13,242.46
1,ribeirao-preto-sp-sao-paulo-sp,2026-03-19,160.19,157.03,155.3,155.3
21,rio-de-janeiro-rj-sao-paulo-sp,2026-03-20,103.16,104.57,103.42,99.99
22,belo-horizonte-mg-cabo-frio-rj,2026-03-22,194.01,189.57,185.4,179.9
21,belo-horizonte-mg-sao-paulo-sp,2026-03-21,192.48,193.44,189.99,189.99
15,belo-horizonte-mg-governador-valadares-mg,2026-03-16,113.29,120.45,101.02,101.26
15,ipatinga-mg-vitoria-es,2026-03-16,95.67,99.61,95.51,96.05
17,belo-horizonte-mg-brasilia-df,2026-03-19,251.07,257.91,228.98,243.45
15,belo-horizonte-mg-uberlandia-mg,2026-03-19,109.72,91.97,88.33,88.33
11,campinas-sp-sao-paulo-sp,2026-03-17,55.28,55.07,56.2,56.2
13,belo-horizonte-mg-rio-de-janeiro-rj,2026-03-20,137.37,154.79,139.99,169.99
15,rio-de-janeiro-rj-uberlandia-mg,2026-03-22,222.99,239.52,222.99,238.97
12,belo-horizonte-mg-cabo-frio-rj,2026-03-21,208.04,180.04,209.9,189.9
13,belo-horizonte-mg-rio-de-janeiro-rj,2026-03-22,147.38,152.95,139.99,159.99
6,governador-valadares-mg-sao-paulo-sp,2026-03-16,255.83,234.69,256.96,239.92
6,rio-de-janeiro-rj-vitoria-es,2026-03-16,115.53,140.81,109.1,132.43
9,rio-de-janeiro-rj-vitoria-es,2026-03-21,113.61,138.06,109.1,138.65
9,belo-horizonte-mg-brasilia-df,2026-03-22,246.03,222.25,239.48,226.99
3,belo-horizonte-mg-brasilia-df,2026-03-17,246.5,227.19,250.8,239.48
6,belo-horizonte-mg-sao-paulo-sp,2026-03-21,175.77,171.0,163.9,159.99
3,campinas-sp-sao-paulo-sp,2026-03-18,55.49,55.36,56.2,56.2
1,rio-de-janeiro-rj-vitoria-es,2026-03-21,132.1,143.53,129.9,139.91
1,belo-horizonte-mg-montes-claros-mg,2026-03-22,177.12,191.41,153.7,206.78
22,belo-horizonte-mg-brasilia-df,2026-03-16,219.72,250.64,239.48,242.46
26,belo-horizonte-mg-uberlandia-mg,2026-03-20,129.47,102.9,88.54,88.4
22,belo-horizonte-mg-cabo-frio-rj,2026-03-18,222.65,168.61,224.9,159.9
23,belo-horizonte-mg-governador-valadares-mg,2026-03-19,106.08,104.43,65.97,65.85
20,sao-jose-dos-campos-sp-sao-paulo-sp,2026-03-16,47.24,46.33,47.75,47.75
23,belo-horizonte-mg-montes-claros-mg,2026-03-22,150.39,165.66,132.63,141.99
18,belo-horizonte-mg-brasilia-df,2026-03-22,242.46,245.59,228.98,242.46
12,ribeirao-preto-sp-sao-paulo-sp,2026-03-19,157.39,157.55,155.3,155.3
13,campinas-sp-sao-paulo-sp,2026-03-21,55.58,55.52,56.2,56.2
7,rio-de-janeiro-rj-vitoria-es,2026-03-16,117.28,144.93,109.1,139.91
11,rio-de-janeiro-rj-sao-paulo-sp,2026-03-22,105.04,107.46,99.99,108.42
8,belo-horizonte-mg-montes-claros-mg,2026-03-20,152.15,159.75,130.29,141.99
6,sao-jose-dos-campos-sp-sao-paulo-sp,2026-03-20,47.2,46.78,47.8,47.75
5,belo-horizonte-mg-brasilia-df,2026-03-20,259.43,253.53,240.54,229.99
25,ipatinga-mg-vitoria-es,2026-03-20,92.49,90.3,94.06,87.8
21,rio-de-janeiro-rj-uberlandia-mg,2026-03-17,238.88,239.66,239.97,239.47
21,belo-horizonte-mg-rio-de-janeiro-rj,2026-03-22,111.02,108.87,109.9,90.0
16,rio-de-janeiro-rj-sao-paulo-sp,2026-03-18,99.26,101.37,93.21,94.99
12,belo-horizonte-mg-cabo-frio-rj,2026-03-16,192.08,197.4,199.9,199.9
12,belo-horizonte-mg-rio-de-janeiro-rj,2026-03-16,151.28,149.41,164.95,159.99
14,belo-horizonte-mg-rio-de-janeiro-rj,2026-03-19,142.13,148.29,139.99,140.9
8,governador-valadares-mg-sao-paulo-sp,2026-03-16,257.97,234.69,256.96,239.92
13,rio-de-janeiro-rj-sao-paulo-sp,2026-03-21,100.52,104.84,99.95,103.43
6,belo-horizonte-mg-montes-claros-mg,2026-03-16,152.11,150.76,136.54,141.99
7,belo-horizonte-mg-brasilia-df,2026-03-18,245.61,237.11,225.99,224.99
10,ipatinga-mg-vitoria-es,2026-03-21,90.0,90.0,90.04,90.04
11,sao-paulo-sp-vitoria-es,2026-03-22,217.09,241.03,224.06,228.8
4,belo-horizonte-mg-brasilia-df,2026-03-17,243.12,227.19,244.49,239.48
1,belo-horizonte-mg-rio-de-janeiro-rj,2026-03-16,155.99,178.77,155.14,199.99
2,belo-horizonte-mg-rio-de-janeiro-rj,2026-03-17,145.25,147.92,139.99,146.4
5,ribeirao-preto-sp-sao-paulo-sp,2026-03-20,166.97,170.05,158.9,158.9
5,governador-valadares-mg-sao-paulo-sp,2026-03-21,243.56,257.02,248.86,249.87
1,ipatinga-mg-vitoria-es,2026-03-17,99.19,111.1,99.19,114.07
1,rio-de-janeiro-rj-vitoria-es,2026-03-17,131.94,152.45,127.55,155.23
6,sao-paulo-sp-vitoria-es,2026-03-22,235.15,234.56,245.39,232.05
1,belo-horizonte-mg-sao-paulo-sp,2026-03-20,168.09,187.22,160.4,178.29
26,governador-valadares-mg-sao-paulo-sp,2026-03-22,244.4,253.08,249.87,257.97
20,rio-de-janeiro-rj-vitoria-es,2026-03-22,127.83,145.54,109.9,137.61
17,sao-paulo-sp-vitoria-es,2026-03-21,233.28,227.36,214.1,232.05
10,campinas-sp-rio-de-janeiro-rj,2026-03-16,147.82,147.18,150.45,139.99
11,belo-horizonte-mg-montes-claros-mg,2026-03-18,147.96,173.48,130.29,159.95
14,rio-de-janeiro-rj-vitoria-es,2026-03-21,118.26,131.35,118.34,129.91
12,belo-horizonte-mg-governador-valadares-mg,2026-03-22,142.83,130.43,136.32,118.79
10,campinas-sp-sao-paulo-sp,2026-03-22,54.47,55.89,56.5,56.5
10,rio-de-janeiro-rj-sao-paulo-sp,2026-03-22,109.05,107.07,108.42,104.99
9,rio-de-janeiro-rj-uberlandia-mg,2026-03-22,232.65,238.89,224.98,238.48
8,rio-de-janeiro-rj-uberlandia-mg,2026-03-22,234.38,239.06,225.98,238.48
3,sao-jose-dos-campos-sp-sao-paulo-sp,2026-03-18,47.1,48.29,47.8,50.25
22,campinas-sp-rio-de-janeiro-rj,2026-03-17,149.55,151.66,154.99,159.99
20,belo-horizonte-mg-cabo-frio-rj,2026-03-21,195.47,163.47,179.9,169.9
21,belo-horizonte-mg-sao-paulo-sp,2026-03-22,185.76,189.36,179.99,184.99
17,ribeirao-preto-sp-sao-paulo-sp,2026-03-18,157.78,159.11,155.3,158.9
8,belo-horizonte-mg-cabo-frio-rj,2026-03-16,208.69,167.79,208.99,154.99
7,campinas-sp-rio-de-janeiro-rj,2026-03-16,147.44,148.27,139.99,139.99
3,belo-horizonte-mg-governador-valadares-mg,2026-03-16,150.02,152.27,136.99,143.4
4,ribeirao-preto-sp-sao-paulo-sp,2026-03-17,157.52,157.6,155.3,155.3
2,belo-horizonte-mg-rio-de-janeiro-rj,2026-03-20,156.98,177.94,155.53,189.99
1,belo-horizonte-mg-rio-de-janeiro-rj,2026-03-20,158.88,178.48,149.99,199.99
23,belo-horizonte-mg-governador-valadares-mg,2026-03-18,100.79,103.7,64.92,65.16
26,belo-horizonte-mg-rio-de-janeiro-rj,2026-03-22,111.85,107.71,109.9,98.9
24,belo-horizonte-mg-uberlandia-mg,2026-03-20,119.34,102.9,88.54,88.4
20,sao-jose-dos-campos-sp-sao-paulo-sp,2026-03-17,47.08,46.66,47.75,47.75
18,rio-de-janeiro-rj-sao-paulo-sp,2026-03-16,100.96,110.78,94.9,103.42
20,sao-jose-dos-campos-sp-sao-paulo-sp,2026-03-19,47.12,48.49,47.75,47.75
16,ribeirao-preto-sp-sao-paulo-sp,2026-03-16,159.41,159.8,155.3,158.9
19,belo-horizonte-mg-governador-valadares-mg,2026-03-20,124.08,114.11,118.55,101.02
19,belo-horizonte-mg-rio-de-janeiro-rj,2026-03-20,121.11,122.31,126.9,129.99
16,ipatinga-mg-vitoria-es,2026-03-18,103.18,90.93,96.4,90.93
16,campinas-sp-sao-paulo-sp,2026-03-19,55.4,54.77,56.2,56.2
16,rio-de-janeiro-rj-vitoria-es,2026-03-19,138.47,134.75,129.9,129.91
13,ipatinga-mg-vitoria-es,2026-03-17,90.93,93.67,90.93,94.06
10,belo-horizonte-mg-governador-valadares-mg,2026-03-17,115.68,124.07,101.26,116.71
9,ribeirao-preto-sp-sao-paulo-sp,2026-03-16,158.73,158.72,155.3,155.3
10,sao-jose-dos-campos-sp-sao-paulo-sp,2026-03-17,48.3,48.45,50.25,47.75
12,rio-de-janeiro-rj-sao-paulo-sp,2026-03-22,103.76,105.19,100.98,104.99
10,rio-de-janeiro-rj-vitoria-es,2026-03-20,128.72,137.81,130.89,139.9
6,belo-horizonte-mg-montes-claros-mg,2026-03-17,149.21,158.5,134.97,141.99
7,ipatinga-mg-vitoria-es,2026-03-21,94.91,91.06,94.83,92.28
5,ribeirao-preto-sp-sao-paulo-sp,2026-03-19,159.71,158.33,155.3,155.3
0,rio-de-janeiro-rj-sao-paulo-sp,2026-03-21,147.46,117.38,149.9,122.18
26,sao-paulo-sp-vitoria-es,2026-03-20,247.39,269.67,231.55,288.01
22,ribeirao-preto-sp-sao-paulo-sp,2026-03-17,158.14,159.31,155.3,158.9
26,sao-paulo-sp-vitoria-es,2026-03-21,164.99,260.36,139.91,258.83
23,campinas-sp-rio-de-janeiro-rj,2026-03-19,148.74,150.65,139.99,149.99
22,rio-de-janeiro-rj-vitoria-es,2026-03-19,122.65,144.84,130.4,128.9
18,belo-horizonte-mg-governador-valadares-mg,2026-03-16,111.21,115.42,101.02,101.26
18,campinas-sp-rio-de-janeiro-rj,2026-03-16,142.18,145.34,132.44,149.99
17,governador-valadares-mg-sao-paulo-sp,2026-03-16,261.68,263.76,256.96,263.97
17,rio-de-janeiro-rj-sao-paulo-sp,2026-03-18,98.67,101.42,93.46,94.99
12,rio-de-janeiro-rj-vitoria-es,2026-03-16,139.9,147.67,120.22,139.91
13,ipatinga-mg-vitoria-es,2026-03-18,102.62,93.66,96.4,94.06
11,belo-horizonte-mg-uberlandia-mg,2026-03-17,105.99,111.72,88.44,88.65
13,ribeirao-preto-sp-sao-paulo-sp,2026-03-19,158.15,157.55,155.3,155.3
13,belo-horizonte-mg-montes-claros-mg,2026-03-20,149.03,160.14,130.29,141.99
9,belo-horizonte-mg-rio-de-janeiro-rj,2026-03-17,112.9,112.82,109.99,109.99
6,belo-horizonte-mg-governador-valadares-mg,2026-03-19,136.85,130.59,136.32,118.55
2,belo-horizonte-mg-montes-claros-mg,2026-03-16,163.68,183.23,147.85,181.79
6,belo-horizonte-mg-rio-de-janeiro-rj,2026-03-20,143.39,157.69,138.51,169.99
2,ribeirao-preto-sp-sao-paulo-sp,2026-03-17,160.36,158.96,155.3,155.3
1,rio-de-janeiro-rj-uberlandia-mg,2026-03-18,226.41,241.23,221.99,238.98
0,campinas-sp-rio-de-janeiro-rj,2026-03-19,121.48,114.5,121.48,114.5
3,sao-jose-dos-campos-sp-sao-paulo-sp,2026-03-22,46.87,46.89,47.8,47.75
26,sao-jose-dos-campos-sp-sao-paulo-sp,2026-03-20,46.22,47.17,47.75,47.75
23,ribeirao-preto-sp-sao-paulo-sp,2026-03-21,161.42,159.2,155.3,158.9
20,rio-de-janeiro-rj-sao-paulo-sp,2026-03-18,100.57,102.45,94.99,97.99
19,belo-horizonte-mg-governador-valadares-mg,2026-03-19,106.57,106.03,83.5,101.02
18,rio-de-janeiro-rj-sao-paulo-sp,2026-03-19,103.03,104.39,100.98,103.43
17,rio-de-janeiro-rj-sao-paulo-sp,2026-03-22,102.92,103.51,100.98,103.43
13,rio-de-janeiro-rj-uberlandia-mg,2026-03-21,231.98,238.81,223.98,238.48
5,belo-horizonte-mg-cabo-frio-rj,2026-03-16,242.19,198.44,253.49,189.99
4,belo-horizonte-mg-sao-paulo-sp,2026-03-16,169.28,180.48,159.99,174.99
9,campinas-sp-rio-de-janeiro-rj,2026-03-22,158.86,158.87,157.91,159.99
3,belo-horizonte-mg-rio-de-janeiro-rj,2026-03-17,133.35,145.14,139.9,139.99
1,rio-de-janeiro-rj-uberlandia-mg,2026-03-21,230.59,248.6,227.99,239.97
21,ipatinga-mg-vitoria-es,2026-03-19,99.33,90.93,98.74,90.93
19,sao-jose-dos-campos-sp-sao-paulo-sp,2026-03-18,47.07,47.07,47.75,47.75
22,belo-horizonte-mg-sao-paulo-sp,2026-03-22,185.02,188.89,174.99,184.99
18,ribeirao-preto-sp-sao-paulo-sp,2026-03-19,159.26,159.31,158.9,158.9
13,campinas-sp-sao-paulo-sp,2026-03-16,55.2,54.39,56.5,56.5
14,belo-horizonte-mg-brasilia-df,2026-03-18,231.35,239.86,226.98,234.72
16,ribeirao-preto-sp-sao-paulo-sp,2026-03-20,169.75,168.25,158.9,158.9
10,rio-de-janeiro-rj-uberlandia-mg,2026-03-18,229.15,237.62,224.98,237.99
8,ipatinga-mg-vitoria-es,2026-03-17,92.4,96.4,90.93,96.4
9,sao-paulo-sp-vitoria-es,2026-03-21,224.99,225.17,226.58,230.5
4,sao-paulo-sp-vitoria-es,2026-03-20,250.55,246.45,248.14,235.98
1,rio-de-janeiro-rj-sao-paulo-sp,2026-03-18,126.66,115.95,124.99,118.51
24,rio-de-janeiro-rj-sao-paulo-sp,2026-03-19,111.05,109.78,108.41,108.67
23,ribeirao-preto-sp-sao-paulo-sp,2026-03-20,169.36,170.11,158.9,158.9
19,belo-horizonte-mg-uberlandia-mg,2026-03-22,116.24,128.38,88.6,88.6
16,belo-horizonte-mg-brasilia-df,2026-03-20,238.29,235.72,228.98,234.23
8,campinas-sp-rio-de-janeiro-rj,2026-03-19,147.33,145.99,144.99,139.99
9,sao-paulo-sp-vitoria-es,2026-03-22,237.25,238.9,245.39,228.8
1,sao-jose-dos-campos-sp-sao-paulo-sp,2026-03-17,46.07,46.1,44.25,47.75
26,rio-de-janeiro-rj-vitoria-es,2026-03-20,115.61,167.55,109.89,181.54
22,ipatinga-mg-vitoria-es,2026-03-20,92.49,91.38,94.06,94.06
19,campinas-sp-sao-paulo-sp,2026-03-18,55.07,54.9,56.2,56.2
18,sao-paulo-sp-vitoria-es,2026-03-17,230.74,232.55,219.29,232.78
22,belo-horizonte-mg-uberlandia-mg,2026-03-22,117.52,125.12,88.65,88.54
16,governador-valadares-mg-sao-paulo-sp,2026-03-18,255.46,269.15,256.99,263.97
16,rio-de-janeiro-rj-uberlandia-mg,2026-03-18,237.14,237.29,233.98,237.99
15,rio-de-janeiro-rj-vitoria-es,2026-03-21,120.85,131.29,118.34,129.91
10,campinas-sp-sao-paulo-sp,2026-03-18,55.45,55.12,56.2,56.2
10,ipatinga-mg-vitoria-es,2026-03-19,117.6,93.86,109.93,90.93
11,ipatinga-mg-vitoria-es,2026-03-21,90.0,90.0,90.04,90.04
7,campinas-sp-rio-de-janeiro-rj,2026-03-18,149.04,145.29,139.99,139.99
4,belo-horizonte-mg-rio-de-janeiro-rj,2026-03-16,168.78,170.6,189.99,189.99
6,belo-horizonte-mg-uberlandia-mg,2026-03-20,160.43,136.51,163.18,101.9
7,campinas-sp-sao-paulo-sp,2026-03-22,55.59,55.99,56.2,56.2
1,belo-horizonte-mg-governador-valadares-mg,2026-03-18,145.15,163.94,149.69,184.64
4,belo-horizonte-mg-sao-paulo-sp,2026-03-22,168.7,190.13,159.99,179.99
1,sao-paulo-sp-vitoria-es,2026-03-19,262.18,264.73,250.87,239.9
2,sao-paulo-sp-vitoria-es,2026-03-22,257.27,282.65,255.39,302.27
19,belo-horizonte-mg-cabo-frio-rj,2026-03-16,196.58,172.7,199.9,179.9
20,campinas-sp-sao-paulo-sp,2026-03-17,54.79,55.02,56.2,56.2
16,belo-horizonte-mg-cabo-frio-rj,2026-03-17,215.19,162.4,219.9,159.9
21,rio-de-janeiro-rj-vitoria-es,2026-03-22,128.27,143.25,109.9,139.75
15,sao-jose-dos-campos-sp-sao-paulo-sp,2026-03-16,45.57,47.24,44.25,47.75
14,belo-horizonte-mg-cabo-frio-rj,2026-03-17,209.15,168.23,219.9,159.9
12,campinas-sp-sao-paulo-sp,2026-03-18,55.56,55.25,56.2,56.2
13,rio-de-janeiro-rj-vitoria-es,2026-03-19,139.02,141.21,129.91,138.76
13,belo-horizonte-mg-sao-paulo-sp,2026-03-20,163.82,176.46,159.99,159.99
10,governador-valadares-mg-sao-paulo-sp,2026-03-19,250.49,226.59,241.83,225.91
3,ipatinga-mg-vitoria-es,2026-03-16,105.24,120.71,104.88,105.79
6,campinas-sp-rio-de-janeiro-rj,2026-03-21,165.87,160.15,164.99,159.99
3,rio-de-janeiro-rj-uberlandia-mg,2026-03-18,221.99,238.14,220.0,233.98
4,rio-de-janeiro-rj-sao-paulo-sp,2026-03-20,128.91,119.5,134.9,123.43
24,campinas-sp-rio-de-janeiro-rj,2026-03-19,137.81,152.89,132.44,153.9
21,governador-valadares-mg-sao-paulo-sp,2026-03-19,245.32,264.62,252.39,263.97
22,rio-de-janeiro-rj-uberlandia-mg,2026-03-20,258.93,250.74,239.97,239.47
21,belo-horizonte-mg-cabo-frio-rj,2026-03-21,190.9,164.4,179.9,169.9
17,belo-horizonte-mg-rio-de-janeiro-rj,2026-03-17,105.74,104.67,99.99,99.99
16,campinas-sp-rio-de-janeiro-rj,2026-03-17,155.19,151.75,159.99,159.99
20,ribeirao-preto-sp-sao-paulo-sp,2026-03-22,165.08,169.78,158.9,158.9
16,governador-valadares-mg-sao-paulo-sp,2026-03-21,260.6,235.69,261.99,239.88
12,governador-valadares-mg-sao-paulo-sp,2026-03-18,259.09,234.72,256.99,227.05
16,rio-de-janeiro-rj-vitoria-es,2026-03-22,136.3,129.66,130.23,128.72
11,sao-paulo-sp-vitoria-es,2026-03-17,263.34,233.21,272.87,236.7
11,campinas-sp-sao-paulo-sp,2026-03-20,55.36,55.1,56.2,56.2
6,belo-horizonte-mg-sao-paulo-sp,2026-03-16,175.91,178.69,159.99,174.99
4,belo-horizonte-mg-brasilia-df,2026-03-16,217.74,233.61,227.99,239.48
8,rio-de-janeiro-rj-sao-paulo-sp,2026-03-21,108.92,106.7,109.99,104.99
5,rio-de-janeiro-rj-sao-paulo-sp,2026-03-21,123.63,115.67,121.99,116.6
3,campinas-sp-rio-de-janeiro-rj,2026-03-22,156.85,149.67,154.99,141.22
24,campinas-sp-sao-paulo-sp,2026-03-19,55.51,54.93,56.15,56.2
21,rio-de-janeiro-rj-sao-paulo-sp,2026-03-16,108.93,117.52,108.41,108.43
24,campinas-sp-rio-de-janeiro-rj,2026-03-20,148.0,161.09,138.91,160.36
21,belo-horizonte-mg-brasilia-df,2026-03-18,237.15,259.35,227.87,243.45
22,belo-horizonte-mg-governador-valadares-mg,2026-03-19,104.23,105.13,65.97,65.97
21,ipatinga-mg-vitoria-es,2026-03-18,100.71,90.93,96.4,90.93
19,governador-valadares-mg-sao-paulo-sp,2026-03-17,245.81,259.57,256.96,257.47
14,campinas-sp-sao-paulo-sp,2026-03-17,54.93,58.87,56.2,60.2
13,belo-horizonte-mg-cabo-frio-rj,2026-03-17,218.04,171.57,219.9,169.9
14,belo-horizonte-mg-brasilia-df,2026-03-20,251.26,242.79,228.98,226.99
13,sao-jose-dos-campos-sp-sao-paulo-sp,2026-03-21,47.84,47.83,47.75,47.75
7,rio-de-janeiro-rj-sao-paulo-sp,2026-03-18,101.96,106.47,99.91,99.99
7,rio-de-janeiro-rj-uberlandia-mg,2026-03-18,227.56,237.83,223.97,237.99
3,belo-horizonte-mg-cabo-frio-rj,2026-03-16,245.04,179.39,254.99,176.49
8,belo-horizonte-mg-cabo-frio-rj,2026-03-21,211.56,175.7,216.99,192.99
4,belo-horizonte-mg-uberlandia-mg,2026-03-17,117.59,107.3,88.54,95.03
8,ribeirao-preto-sp-sao-paulo-sp,2026-03-21,158.89,157.73,155.3,155.3
2,rio-de-janeiro-rj-vitoria-es,2026-03-17,127.49,154.27,125.65,147.4
4,rio-de-janeiro-rj-uberlandia-mg,2026-03-20,251.77,243.34,230.29,239.47
23,belo-horizonte-mg-sao-paulo-sp,2026-03-17,164.65,184.16,154.99,174.99
23,ribeirao-preto-sp-sao-paulo-sp,2026-03-17,162.33,159.31,155.3,158.9
21,belo-horizonte-mg-montes-claros-mg,2026-03-17,157.04,153.41,141.99,136.54
24,belo-horizonte-mg-cabo-frio-rj,2026-03-22,190.3,186.23,185.4,179.9
19,campinas-sp-rio-de-janeiro-rj,2026-03-18,146.99,141.92,139.99,139.99
18,belo-horizonte-mg-sao-paulo-sp,2026-03-19,184.01,191.07,179.99,199.99
14,belo-horizonte-mg-governador-valadares-mg,2026-03-17,106.01,101.84,93.01,65.73
19,governador-valadares-mg-sao-paulo-sp,2026-03-22,245.61,243.14,240.54,234.84
15,governador-valadares-mg-sao-paulo-sp,2026-03-18,259.09,253.87,256.99,262.26
13,rio-de-janeiro-rj-uberlandia-mg,2026-03-16,246.42,236.64,238.98,239.97
15,campinas-sp-sao-paulo-sp,2026-03-19,54.72,54.63,56.2,56.2
13,rio-de-janeiro-rj-uberlandia-mg,2026-03-17,232.69,238.87,231.48,238.97
12,belo-horizonte-mg-montes-claros-mg,2026-03-17,146.72,154.32,130.29,141.99
7,belo-horizonte-mg-sao-paulo-sp,2026-03-16,175.38,177.76,159.99,174.99
10,belo-horizonte-mg-sao-paulo-sp,2026-03-19,184.92,173.8,182.14,174.99
7,rio-de-janeiro-rj-vitoria-es,2026-03-20,119.67,140.75,109.9,139.91
5,belo-horizonte-mg-rio-de-janeiro-rj,2026-03-21,121.93,125.37,115.4,129.9
19,ribeirao-preto-sp-sao-paulo-sp,2026-03-16,157.8,159.8,155.3,158.9
22,campinas-sp-sao-paulo-sp,2026-03-22,55.17,55.33,56.2,56.2
18,rio-de-janeiro-rj-uberlandia-mg,2026-03-19,239.06,238.62,238.48,237.99
16,belo-horizonte-mg-brasilia-df,2026-03-18,255.48,255.47,227.43,242.46
14,belo-horizonte-mg-uberlandia-mg,2026-03-16,114.58,111.74,88.6,88.65
19,ipatinga-mg-vitoria-es,2026-03-21,90.0,90.0,90.04,90.04
13,belo-horizonte-mg-uberlandia-mg,2026-03-16,114.58,105.22,88.6,94.98
16,sao-paulo-sp-vitoria-es,2026-03-19,242.11,225.65,239.9,232.05
17,campinas-sp-rio-de-janeiro-rj,2026-03-22,157.68,159.51,150.9,164.99
14,ribeirao-preto-sp-sao-paulo-sp,2026-03-21,157.99,157.51,155.3,155.3
12,belo-horizonte-mg-sao-paulo-sp,2026-03-20,164.76,168.84,159.99,139.99
12,belo-horizonte-mg-brasilia-df,2026-03-21,249.62,230.14,231.97,228.98
6,belo-horizonte-mg-brasilia-df,2026-03-21,270.34,246.94,232.98,228.98
3,belo-horizonte-mg-governador-valadares-mg,2026-03-18,137.42,146.99,136.7,173.41
1,belo-horizonte-mg-cabo-frio-rj,2026-03-17,279.31,194.49,299.99,223.99
2,belo-horizonte-mg-montes-claros-mg,2026-03-21,153.9,143.17,142.39,134.97
2,belo-horizonte-mg-rio-de-janeiro-rj,2026-03-22,173.13,186.05,169.9,199.99
22,belo-horizonte-mg-uberlandia-mg,2026-03-16,114.58,104.18,88.6,88.4
18,belo-horizonte-mg-rio-de-janeiro-rj,2026-03-16,116.76,122.26,119.9,129.5
23,sao-paulo-sp-vitoria-es,2026-03-21,187.44,230.06,214.1,228.57
22,belo-horizonte-mg-montes-claros-mg,2026-03-22,150.39,167.56,132.63,141.99
19,belo-horizonte-mg-uberlandia-mg,2026-03-20,107.5,109.06,88.44,88.65
16,rio-de-janeiro-rj-vitoria-es,2026-03-18,134.58,148.02,129.9,133.76
17,belo-horizonte-mg-brasilia-df,2026-03-21,244.03,238.99,231.97,232.48
10,belo-horizonte-mg-montes-claros-mg,2026-03-21,132.5,139.02,130.29,136.54
10,sao-paulo-sp-vitoria-es,2026-03-21,220.71,226.28,226.58,230.5
4,campinas-sp-sao-paulo-sp,2026-03-16,55.49,55.24,56.2,56.2
9,ipatinga-mg-vitoria-es,2026-03-22,100.87,102.97,102.56,105.79
8,ipatinga-mg-vitoria-es,2026-03-22,100.87,106.04,102.56,105.79
6,rio-de-janeiro-rj-sao-paulo-sp,2026-03-21,111.76,104.82,109.99,99.99
28,sao-jose-dos-campos-sp-sao-paulo-sp,2026-03-22,46.09,46.66,47.75,47.75
22,ipatinga-mg-vitoria-es,2026-03-18,98.23,91.97,96.4,94.06
22,belo-horizonte-mg-rio-de-janeiro-rj,2026-03-19,108.49,110.14,89.99,109.9
19,belo-horizonte-mg-montes-claros-mg,2026-03-18,147.63,155.99,130.29,141.99
21,ribeirao-preto-sp-sao-paulo-sp,2026-03-20,169.98,170.11,158.9,158.9
18,belo-horizonte-mg-cabo-frio-rj,2026-03-19,204.04,157.9,199.9,149.9
13,belo-horizonte-mg-governador-valadares-mg,2026-03-18,106.52,126.02,101.02,118.79
11,sao-paulo-sp-vitoria-es,2026-03-18,253.03,235.6,240.23,239.91
7,ipatinga-mg-vitoria-es,2026-03-19,108.18,96.6,99.19,96.4
8,sao-jose-dos-campos-sp-sao-paulo-sp,2026-03-21,47.86,47.83,47.8,47.75
5,ribeirao-preto-sp-sao-paulo-sp,2026-03-21,160.66,157.38,158.9,158.9
4,sao-jose-dos-campos-sp-sao-paulo-sp,2026-03-20,47.2,48.33,47.8,50.25
23,belo-horizonte-mg-governador-valadares-mg,2026-03-17,101.84,99.94,64.92,65.16
25,belo-horizonte-mg-governador-valadares-mg,2026-03-19,105.6,103.74,65.97,65.73
24,rio-de-janeiro-rj-sao-paulo-sp,2026-03-18,102.34,104.41,94.99,102.15
24,campinas-sp-rio-de-janeiro-rj,2026-03-21,156.05,157.71,159.99,159.99
25,ribeirao-preto-sp-sao-paulo-sp,2026-03-22,168.14,169.78,158.9,158.9
19,rio-de-janeiro-rj-sao-paulo-sp,2026-03-16,103.08,111.16,103.42,107.99
23,sao-jose-dos-campos-sp-sao-paulo-sp,2026-03-20,47.17,47.17,47.75,47.75
17,rio-de-janeiro-rj-sao-paulo-sp,2026-03-16,103.52,105.35,94.99,99.99
20,belo-horizonte-mg-rio-de-janeiro-rj,2026-03-21,87.6,91.67,69.99,99.99
21,campinas-sp-rio-de-janeiro-rj,2026-03-22,152.63,161.66,149.99,169.99
18,governador-valadares-mg-sao-paulo-sp,2026-03-21,253.5,242.19,258.8,239.88
14,belo-horizonte-mg-cabo-frio-rj,2026-03-18,239.04,163.23,249.9,149.9
14,campinas-sp-rio-de-janeiro-rj,2026-03-18,144.69,140.32,139.99,139.99
17,campinas-sp-sao-paulo-sp,2026-03-21,55.24,54.92,56.2,56.2
16,ipatinga-mg-vitoria-es,2026-03-20,99.37,94.84,98.74,94.06
15,sao-paulo-sp-vitoria-es,2026-03-19,264.69,227.08,305.5,232.05
12,belo-horizonte-mg-governador-valadares-mg,2026-03-18,120.5,127.87,112.73,118.79
14,rio-de-janeiro-rj-vitoria-es,2026-03-20,141.53,132.89,130.23,129.89
11,rio-de-janeiro-rj-uberlandia-mg,2026-03-22,236.26,238.9,223.98,238.48
7,belo-horizonte-mg-rio-de-janeiro-rj,2026-03-21,109.94,111.63,109.99,109.99
8,campinas-sp-rio-de-janeiro-rj,2026-03-22,154.62,148.59,149.99,131.45
3,ribeirao-preto-sp-sao-paulo-sp,2026-03-18,160.87,159.39,158.9,157.1
7,rio-de-janeiro-rj-uberlandia-mg,2026-03-22,235.18,238.11,223.98,238.98
3,rio-de-janeiro-rj-vitoria-es,2026-03-20,137.61,150.77,129.9,153.07
2,rio-de-janeiro-rj-sao-paulo-sp,2026-03-20,132.51,119.33,138.49,123.43
22,rio-de-janeiro-rj-vitoria-es,2026-03-16,123.31,181.4,116.15,175.59
27,sao-paulo-sp-vitoria-es,2026-03-22,219.55,276.46,216.85,284.99
24,belo-horizonte-mg-brasilia-df,2026-03-20,238.1,254.78,239.48,242.46
21,belo-horizonte-mg-rio-de-janeiro-rj,2026-03-17,94.53,93.95,99.99,99.99
14,belo-horizonte-mg-cabo-frio-rj,2026-03-19,215.19,169.21,219.9,150.9
15,ipatinga-mg-vitoria-es,2026-03-21,90.0,90.0,90.04,90.04
11,campinas-sp-sao-paulo-sp,2026-03-19,55.43,54.93,56.2,56.2
7,belo-horizonte-mg-cabo-frio-rj,2026-03-20,245.49,174.77,258.99,182.49
3,rio-de-janeiro-rj-sao-paulo-sp,2026-03-18,125.25,117.24,121.88,118.51
5,belo-horizonte-mg-sao-paulo-sp,2026-03-21,176.33,196.28,163.9,189.99
5,rio-de-janeiro-rj-vitoria-es,2026-03-21,133.61,146.8,129.9,145.9
3,sao-paulo-sp-vitoria-es,2026-03-20,251.88,251.24,248.06,236.7
3,rio-de-janeiro-rj-sao-paulo-sp,2026-03-22,135.02,118.82,140.98,124.9
26,belo-horizonte-mg-uberlandia-mg,2026-03-22,117.2,112.36,88.54,88.4
18,campinas-sp-sao-paulo-sp,2026-03-22,54.8,54.94,56.15,56.2
16,governador-valadares-mg-sao-paulo-sp,2026-03-20,256.03,227.18,258.8,217.18
17,ribeirao-preto-sp-sao-paulo-sp,2026-03-21,159.39,155.6,158.9,155.3
17,sao-jose-dos-campos-sp-sao-paulo-sp,2026-03-21,47.41,47.83,47.75,47.75
15,sao-paulo-sp-vitoria-es,2026-03-20,241.8,261.45,211.05,239.91
13,ipatinga-mg-vitoria-es,2026-03-22,106.39,100.62,105.79,98.74
5,belo-horizonte-mg-governador-valadares-mg,2026-03-21,137.1,140.89,118.79,127.44
3,belo-horizonte-mg-uberlandia-mg,2026-03-19,208.49,141.31,193.53,163.12
4,belo-horizonte-mg-governador-valadares-mg,2026-03-22,172.65,159.5,180.87,180.83
0,belo-horizonte-mg-governador-valadares-mg,2026-03-22,191.82,182.62,184.89,188.67
25,ribeirao-preto-sp-sao-paulo-sp,2026-03-19,160.22,159.31,158.9,158.9
23,belo-horizonte-mg-brasilia-df,2026-03-19,216.56,260.59,228.98,248.99
24,rio-de-janeiro-rj-vitoria-es,2026-03-21,122.22,148.26,128.98,129.9
22,campinas-sp-sao-paulo-sp,2026-03-20,55.88,55.2,56.2,56.2
10,rio-de-janeiro-rj-vitoria-es,2026-03-16,132.55,140.07,120.22,137.76
15,belo-horizonte-mg-uberlandia-mg,2026-03-22,119.43,140.21,88.6,88.65
9,belo-horizonte-mg-cabo-frio-rj,2026-03-17,295.95,162.42,294.95,163.99
7,belo-horizonte-mg-montes-claros-mg,2026-03-17,148.98,156.82,134.97,141.99
7,belo-horizonte-mg-uberlandia-mg,2026-03-17,99.97,113.93,88.33,88.54
10,rio-de-janeiro-rj-uberlandia-mg,2026-03-21,228.66,238.98,225.98,238.48
9,belo-horizonte-mg-montes-claros-mg,2026-03-21,134.13,140.61,130.29,139.27
3,belo-horizonte-mg-brasilia-df,2026-03-19,257.93,227.05,247.7,226.99
1,belo-horizonte-mg-sao-paulo-sp,2026-03-17,174.01,185.22,173.9,176.29
6,ribeirao-preto-sp-sao-paulo-sp,2026-03-22,165.46,167.14,158.9,158.9
2,rio-de-janeiro-rj-sao-paulo-sp,2026-03-19,130.58,117.46,132.99,123.42
1,rio-de-janeiro-rj-uberlandia-mg,2026-03-19,236.78,241.56,225.98,238.97
25,ipatinga-mg-vitoria-es,2026-03-19,96.4,90.93,96.4,90.93
24,rio-de-janeiro-rj-vitoria-es,2026-03-19,123.32,153.07,127.55,134.91
23,rio-de-janeiro-rj-sao-paulo-sp,2026-03-20,103.76,106.29,103.43,105.9
22,sao-paulo-sp-vitoria-es,2026-03-19,194.55,241.9,209.89,239.9
17,ipatinga-mg-vitoria-es,2026-03-18,100.71,90.93,96.4,90.93
16,belo-horizonte-mg-montes-claros-mg,2026-03-19,147.1,155.99,129.52,141.99
18,sao-jose-dos-campos-sp-sao-paulo-sp,2026-03-22,46.48,47.07,47.75,47.75
16,belo-horizonte-mg-governador-valadares-mg,2026-03-21,108.82,109.12,101.02,101.02
13,rio-de-janeiro-rj-sao-paulo-sp,2026-03-18,100.76,104.37,94.99,99.91
11,rio-de-janeiro-rj-uberlandia-mg,2026-03-16,236.79,245.76,224.98,239.47
11,belo-horizonte-mg-sao-paulo-sp,2026-03-19,168.78,182.09,159.99,177.49
9,belo-horizonte-mg-cabo-frio-rj,2026-03-18,239.69,177.28,249.9,179.99
7,belo-horizonte-mg-rio-de-janeiro-rj,2026-03-16,153.71,156.76,169.99,169.99
8,ribeirao-preto-sp-sao-paulo-sp,2026-03-18,158.89,157.76,155.3,155.3
6,sao-paulo-sp-vitoria-es,2026-03-18,222.54,229.62,232.05,232.05
5,rio-de-janeiro-rj-vitoria-es,2026-03-22,134.7,142.79,129.9,139.91
2,ribeirao-preto-sp-sao-paulo-sp,2026-03-20,167.25,169.22,158.9,158.9
1,campinas-sp-rio-de-janeiro-rj,2026-03-21,161.61,163.78,157.49,159.99
8,belo-horizonte-mg-brasilia-df,2026-03-18,223.6,231.55,224.99,224.99
23,belo-horizonte-mg-sao-paulo-sp,2026-03-18,180.99,183.28,164.99,174.99
23,ipatinga-mg-vitoria-es,2026-03-19,99.33,90.93,98.74,90.93
22,ipatinga-mg-vitoria-es,2026-03-19,99.33,90.93,98.74,90.93
20,rio-de-janeiro-rj-uberlandia-mg,2026-03-17,239.29,238.97,239.47,238.48
21,rio-de-janeiro-rj-vitoria-es,2026-03-19,121.06,147.53,120.15,138.76
21,rio-de-janeiro-rj-vitoria-es,2026-03-20,126.86,141.07,127.55,137.61
16,rio-de-janeiro-rj-sao-paulo-sp,2026-03-21,100.56,102.59,95.9,94.99
9,belo-horizonte-mg-sao-paulo-sp,2026-03-16,177.28,180.96,168.45,174.99
14,belo-horizonte-mg-rio-de-janeiro-rj,2026-03-22,136.19,146.97,139.99,139.99
7,rio-de-janeiro-rj-sao-paulo-sp,2026-03-19,106.6,109.18,99.99,108.43
1,governador-valadares-mg-sao-paulo-sp,2026-03-18,254.7,253.66,258.45,253.13
1,rio-de-janeiro-rj-vitoria-es,2026-03-20,140.17,151.11,129.9,155.39
25,belo-horizonte-mg-uberlandia-mg,2026-03-21,116.98,107.14,88.65,88.51
21,rio-de-janeiro-rj-sao-paulo-sp,2026-03-17,100.7,106.4,94.99,103.43
21,sao-jose-dos-campos-sp-sao-paulo-sp,2026-03-18,47.07,46.1,47.75,47.75
22,sao-jose-dos-campos-sp-sao-paulo-sp,2026-03-19,47.12,47.64,47.75,47.75
21,belo-horizonte-mg-brasilia-df,2026-03-19,234.23,259.13,235.58,243.45
23,sao-jose-dos-campos-sp-sao-paulo-sp,2026-03-22,47.01,46.66,47.75,47.75
22,sao-jose-dos-campos-sp-sao-paulo-sp,2026-03-21,47.41,47.41,47.75,47.75
15,belo-horizonte-mg-governador-valadares-mg,2026-03-18,103.6,124.14,65.16,116.59
13,campinas-sp-rio-de-janeiro-rj,2026-03-16,149.55,143.02,143.89,149.99
14,sao-jose-dos-campos-sp-sao-paulo-sp,2026-03-18,47.07,52.1,47.75,50.25
14,campinas-sp-sao-paulo-sp,2026-03-20,55.89,54.97,56.2,56.2
10,campinas-sp-rio-de-janeiro-rj,2026-03-17,160.3,157.49,159.99,159.99
14,campinas-sp-sao-paulo-sp,2026-03-22,55.59,55.37,56.2,56.5
7,belo-horizonte-mg-brasilia-df,2026-03-17,227.19,227.0,235.58,228.98
8,belo-horizonte-mg-cabo-frio-rj,2026-03-20,238.62,172.88,246.49,179.99
9,belo-horizonte-mg-uberlandia-mg,2026-03-21,93.69,122.36,88.6,101.52
6,belo-horizonte-mg-brasilia-df,2026-03-19,247.89,225.9,242.46,226.99
6,belo-horizonte-mg-sao-paulo-sp,2026-03-22,165.85,187.67,159.99,177.49
4,campinas-sp-rio-de-janeiro-rj,2026-03-22,156.29,150.73,154.99,147.49
25,governador-valadares-mg-sao-paulo-sp,2026-03-21,256.83,273.01,253.13,263.97
24,rio-de-janeiro-rj-sao-paulo-sp,2026-03-21,102.56,103.3,101.98,103.42
20,campinas-sp-rio-de-janeiro-rj,2026-03-18,144.81,144.68,139.99,139.99
16,rio-de-janeiro-rj-uberlandia-mg,2026-03-17,239.46,239.62,239.47,238.97
18,governador-valadares-mg-sao-paulo-sp,2026-03-20,254.31,263.08,258.8,263.97
11,governador-valadares-mg-sao-paulo-sp,2026-03-18,259.56,234.72,256.99,227.05
9,belo-horizonte-mg-uberlandia-mg,2026-03-18,113.64,154.2,88.33,101.41
9,rio-de-janeiro-rj-sao-paulo-sp,2026-03-18,101.38,107.42,98.51,104.99
11,rio-de-janeiro-rj-vitoria-es,2026-03-21,121.66,133.44,118.34,138.65
5,campinas-sp-rio-de-janeiro-rj,2026-03-16,147.63,146.35,139.99,138.21
5,governador-valadares-mg-sao-paulo-sp,2026-03-20,249.35,270.19,246.68,255.05
4,belo-horizonte-mg-cabo-frio-rj,2026-03-22,250.99,217.75,260.49,214.49
4,belo-horizonte-mg-montes-claros-mg,2026-03-22,161.31,191.59,141.99,171.66
26,ipatinga-mg-vitoria-es,2026-03-21,91.06,90.0,92.28,90.04
22,belo-horizonte-mg-governador-valadares-mg,2026-03-18,101.16,102.75,65.04,65.16
20,belo-horizonte-mg-governador-valadares-mg,2026-03-20,124.08,112.18,118.55,101.02
20,belo-horizonte-mg-montes-claros-mg,2026-03-20,149.93,156.83,130.29,141.99
16,belo-horizonte-mg-rio-de-janeiro-rj,2026-03-17,106.57,105.46,99.99,99.99
16,belo-horizonte-mg-sao-paulo-sp,2026-03-17,183.91,185.2,174.99,174.99
17,governador-valadares-mg-sao-paulo-sp,2026-03-18,259.09,265.83,256.99,263.44
19,rio-de-janeiro-rj-vitoria-es,2026-03-22,129.33,130.08,109.9,129.9
17,sao-paulo-sp-vitoria-es,2026-03-20,227.25,263.2,207.27,235.98
16,campinas-sp-sao-paulo-sp,2026-03-20,55.32,54.94,56.2,56.2
17,belo-horizonte-mg-montes-claros-mg,2026-03-22,149.42,186.83,130.29,153.7
13,belo-horizonte-mg-sao-paulo-sp,2026-03-18,192.12,173.81,179.99,157.49
12,ribeirao-preto-sp-sao-paulo-sp,2026-03-17,158.13,157.74,155.3,155.3
15,ribeirao-preto-sp-sao-paulo-sp,2026-03-21,159.99,157.51,158.9,155.3
10,rio-de-janeiro-rj-sao-paulo-sp,2026-03-21,103.86,106.4,101.98,104.99
4,ribeirao-preto-sp-sao-paulo-sp,2026-03-16,156.69,158.72,155.3,155.3
3,belo-horizonte-mg-brasilia-df,2026-03-18,254.16,253.41,242.39,229.99
2,belo-horizonte-mg-cabo-frio-rj,2026-03-17,282.65,194.62,299.99,189.99
4,belo-horizonte-mg-governador-valadares-mg,2026-03-21,135.35,147.44,124.06,137.33
1,belo-horizonte-mg-rio-de-janeiro-rj,2026-03-22,186.69,188.99,199.99,209.99
23,belo-horizonte-mg-montes-claros-mg,2026-03-18,155.22,156.48,141.99,141.99
17,belo-horizonte-mg-uberlandia-mg,2026-03-17,91.67,104.52,88.33,88.4
16,campinas-sp-rio-de-janeiro-rj,2026-03-16,151.12,147.22,143.9,154.99
18,belo-horizonte-mg-rio-de-janeiro-rj,2026-03-19,131.02,130.16,139.99,139.99
17,belo-horizonte-mg-sao-paulo-sp,2026-03-18,181.88,184.01,174.99,174.99
15,belo-horizonte-mg-cabo-frio-rj,2026-03-20,203.55,161.79,199.9,169.9
14,sao-jose-dos-campos-sp-sao-paulo-sp,2026-03-20,44.78,47.17,46.0,47.75
1,belo-horizonte-mg-brasilia-df,2026-03-17,251.23,220.7,259.99,228.98
4,belo-horizonte-mg-governador-valadares-mg,2026-03-20,156.97,147.2,180.87,136.99
1,belo-horizonte-mg-brasilia-df,2026-03-18,261.22,242.55,260.28,239.48
3,belo-horizonte-mg-cabo-frio-rj,2026-03-21,221.62,180.85,220.99,169.49
2,rio-de-janeiro-rj-sao-paulo-sp,2026-03-22,139.82,119.52,139.99,124.9
2,sao-jose-dos-campos-sp-sao-paulo-sp,2026-03-22,46.87,48.24,47.8,47.75
21,belo-horizonte-mg-cabo-frio-rj,2026-03-16,192.58,170.7,199.9,174.9
26,sao-jose-dos-campos-sp-sao-paulo-sp,2026-03-21,48.97,47.83,50.25,47.75
20,belo-horizonte-mg-uberlandia-mg,2026-03-18,117.14,145.98,88.44,88.51
20,sao-paulo-sp-vitoria-es,2026-03-18,195.97,227.43,219.29,239.91
23,belo-horizonte-mg-cabo-frio-rj,2026-03-22,193.46,185.12,185.4,179.9
18,sao-jose-dos-campos-sp-sao-paulo-sp,2026-03-21,52.41,47.83,50.25,47.75
16,belo-horizonte-mg-montes-claros-mg,2026-03-21,131.95,142.14,130.29,141.99
11,belo-horizonte-mg-uberlandia-mg,2026-03-21,105.42,122.36,88.65,101.52
11,sao-jose-dos-campos-sp-sao-paulo-sp,2026-03-21,47.44,47.83,47.8,47.75
5,rio-de-janeiro-rj-sao-paulo-sp,2026-03-16,113.35,120.83,114.99,119.9
5,rio-de-janeiro-rj-uberlandia-mg,2026-03-16,237.24,246.1,224.98,239.47
7,belo-horizonte-mg-brasilia-df,2026-03-20,246.17,235.49,239.48,226.99
6,governador-valadares-mg-sao-paulo-sp,2026-03-19,243.29,234.88,239.66,244.89
2,campinas-sp-sao-paulo-sp,2026-03-19,55.22,55.33,56.2,56.2
23,belo-horizonte-mg-brasilia-df,2026-03-21,232.94,257.13,228.98,236.23
18,belo-horizonte-mg-sao-paulo-sp,2026-03-16,163.9,186.33,147.95,177.49
13,belo-horizonte-mg-rio-de-janeiro-rj,2026-03-16,141.84,161.92,139.99,169.99
14,rio-de-janeiro-rj-uberlandia-mg,2026-03-17,239.46,239.8,238.98,239.47
13,belo-horizonte-mg-montes-claros-mg,2026-03-19,149.88,155.15,130.29,141.99
13,belo-horizonte-mg-sao-paulo-sp,2026-03-21,171.95,183.48,158.9,174.99
10,ipatinga-mg-vitoria-es,2026-03-22,100.87,101.88,102.56,105.79
6,ribeirao-preto-sp-sao-paulo-sp,2026-03-18,153.93,157.76,152.9,155.3
8,belo-horizonte-mg-sao-paulo-sp,2026-03-21,195.18,194.32,184.99,189.99
5,rio-de-janeiro-rj-sao-paulo-sp,2026-03-18,118.54,114.59,114.99,113.43
1,campinas-sp-sao-paulo-sp,2026-03-16,55.58,55.32,56.2,56.5
1,rio-de-janeiro-rj-vitoria-es,2026-03-22,139.41,152.49,129.9,150.9
21,rio-de-janeiro-rj-vitoria-es,2026-03-17,122.9,157.83,127.55,159.9
23,campinas-sp-sao-paulo-sp,2026-03-20,55.31,55.2,56.2,56.2
21,belo-horizonte-mg-governador-valadares-mg,2026-03-19,106.08,102.95,65.97,65.73
20,belo-horizonte-mg-sao-paulo-sp,2026-03-18,164.06,182.54,154.99,172.49
23,rio-de-janeiro-rj-sao-paulo-sp,2026-03-21,98.19,102.01,100.98,99.99
18,belo-horizonte-mg-montes-claros-mg,2026-03-18,147.63,157.2,130.29,141.99
17,belo-horizonte-mg-montes-claros-mg,2026-03-21,132.64,142.21,130.29,141.99
15,belo-horizonte-mg-sao-paulo-sp,2026-03-19,177.09,192.99,174.99,189.99
10,belo-horizonte-mg-rio-de-janeiro-rj,2026-03-16,148.06,153.33,169.99,169.99
12,belo-horizonte-mg-rio-de-janeiro-rj,2026-03-18,109.24,111.47,109.99,109.99
14,belo-horizonte-mg-cabo-frio-rj,2026-03-21,199.15,180.04,199.9,189.9
11,belo-horizonte-mg-brasilia-df,2026-03-19,245.35,222.42,228.98,226.99
13,belo-horizonte-mg-governador-valadares-mg,2026-03-22,139.54,126.58,136.08,116.71
12,belo-horizonte-mg-uberlandia-mg,2026-03-21,105.42,122.36,88.65,101.52
9,sao-jose-dos-campos-sp-sao-paulo-sp,2026-03-18,48.3,47.07,50.25,47.75
13,sao-paulo-sp-vitoria-es,2026-03-22,214.78,235.69,226.43,228.8
6,belo-horizonte-mg-rio-de-janeiro-rj,2026-03-16,156.97,163.76,169.99,169.99
11,belo-horizonte-mg-governador-valadares-mg,2026-03-22,144.97,133.82,143.16,118.79
4,belo-horizonte-mg-brasilia-df,2026-03-19,256.9,243.78,244.55,228.98
3,belo-horizonte-mg-cabo-frio-rj,2026-03-20,273.39,172.39,280.49,181.99
22,sao-paulo-sp-vitoria-es,2026-03-17,188.46,268.83,209.63,263.51
18,belo-horizonte-mg-montes-claros-mg,2026-03-17,147.63,154.32,130.29,141.99
15,rio-de-janeiro-rj-sao-paulo-sp,2026-03-16,101.48,105.14,94.95,104.99
19,campinas-sp-sao-paulo-sp,2026-03-21,55.59,55.11,56.2,56.2
15,belo-horizonte-mg-rio-de-janeiro-rj,2026-03-22,136.32,132.83,139.99,139.9
9,campinas-sp-sao-paulo-sp,2026-03-18,54.97,55.13,56.2,56.2
9,sao-paulo-sp-vitoria-es,2026-03-19,232.17,229.16,239.9,232.05
4,belo-horizonte-mg-governador-valadares-mg,2026-03-18,135.65,146.72,127.56,162.61
5,belo-horizonte-mg-sao-paulo-sp,2026-03-20,167.57,167.7,159.99,158.93
6,belo-horizonte-mg-rio-de-janeiro-rj,2026-03-22,148.83,162.62,159.99,169.99
3,sao-jose-dos-campos-sp-sao-paulo-sp,2026-03-20,47.2,47.17,47.8,47.75
21,campinas-sp-sao-paulo-sp,2026-03-19,55.21,55.09,56.2,56.2
19,governador-valadares-mg-sao-paulo-sp,2026-03-20,256.03,263.08,258.8,263.97
15,rio-de-janeiro-rj-vitoria-es,2026-03-17,129.0,147.17,129.9,133.76
14,belo-horizonte-mg-rio-de-janeiro-rj,2026-03-17,106.99,111.86,99.99,109.99
17,campinas-sp-rio-de-janeiro-rj,2026-03-20,151.37,163.04,149.99,169.99
14,rio-de-janeiro-rj-sao-paulo-sp,2026-03-22,103.78,103.9,100.98,103.43
13,sao-paulo-sp-vitoria-es,2026-03-21,218.89,229.69,226.58,232.05
12,belo-horizonte-mg-montes-claros-mg,2026-03-22,150.59,183.96,134.97,171.66
9,ribeirao-preto-sp-sao-paulo-sp,2026-03-20,165.42,169.15,158.9,158.9
5,rio-de-janeiro-rj-vitoria-es,2026-03-16,118.19,145.11,119.9,137.61
5,rio-de-janeiro-rj-vitoria-es,2026-03-20,136.18,147.41,129.9,145.91
5,belo-horizonte-mg-cabo-frio-rj,2026-03-21,223.99,181.49,231.49,178.49
6,sao-jose-dos-campos-sp-sao-paulo-sp,2026-03-22,45.71,47.59,44.25,47.75
2,belo-horizonte-mg-uberlandia-mg,2026-03-20,229.49,170.18,193.86,193.08
25,belo-horizonte-mg-cabo-frio-rj,2026-03-21,186.15,188.33,172.4,199.9
20,campinas-sp-sao-paulo-sp,2026-03-18,55.54,54.93,56.2,56.2
19,ribeirao-preto-sp-sao-paulo-sp,2026-03-18,158.87,160.85,158.9,158.9
22,rio-de-janeiro-rj-sao-paulo-sp,2026-03-22,102.16,105.73,100.98,103.43
15,belo-horizonte-mg-uberlandia-mg,2026-03-17,113.45,115.66,88.44,88.4
15,sao-jose-dos-campos-sp-sao-paulo-sp,2026-03-18,40.31,47.07,39.0,47.75
16,belo-horizonte-mg-uberlandia-mg,2026-03-20,126.55,99.03,88.54,88.6
13,ribeirao-preto-sp-sao-paulo-sp,2026-03-20,168.67,169.38,158.9,158.9
8,belo-horizonte-mg-governador-valadares-mg,2026-03-17,113.5,127.15,101.26,118.55
7,governador-valadares-mg-sao-paulo-sp,2026-03-18,259.84,235.94,259.15,226.48
6,ribeirao-preto-sp-sao-paulo-sp,2026-03-17,156.91,157.6,155.3,155.3
6,belo-horizonte-mg-sao-paulo-sp,2026-03-20,167.57,180.06,159.99,159.99
6,ribeirao-preto-sp-sao-paulo-sp,2026-03-20,166.97,169.88,158.9,158.9
23,belo-horizonte-mg-sao-paulo-sp,2026-03-20,182.01,182.43,159.99,159.99
24,rio-de-janeiro-rj-uberlandia-mg,2026-03-21,241.52,238.62,237.99,237.99
17,belo-horizonte-mg-rio-de-janeiro-rj,2026-03-16,124.52,125.42,133.76,129.99
23,belo-horizonte-mg-uberlandia-mg,2026-03-22,123.19,122.43,88.65,88.51
18,belo-horizonte-mg-governador-valadares-mg,2026-03-19,107.92,111.02,83.5,101.02
18,rio-de-janeiro-rj-sao-paulo-sp,2026-03-20,101.43,104.24,100.98,104.99
12,belo-horizonte-mg-governador-valadares-mg,2026-03-16,119.76,135.11,116.29,118.79
13,belo-horizonte-mg-rio-de-janeiro-rj,2026-03-18,107.88,111.9,109.99,109.99
9,campinas-sp-rio-de-janeiro-rj,2026-03-16,148.36,147.18,150.45,139.99
11,belo-horizonte-mg-uberlandia-mg,2026-03-19,133.58,111.71,88.49,88.33
7,belo-horizonte-mg-cabo-frio-rj,2026-03-17,283.17,172.35,259.99,185.99
6,campinas-sp-sao-paulo-sp,2026-03-17,54.78,54.88,56.2,56.2
1,ipatinga-mg-vitoria-es,2026-03-16,105.24,103.01,104.88,103.01
2,belo-horizonte-mg-governador-valadares-mg,2026-03-20,178.7,156.78,188.67,157.46
1,belo-horizonte-mg-governador-valadares-mg,2026-03-21,156.07,161.2,151.88,180.87
26,rio-de-janeiro-rj-vitoria-es,2026-03-22,120.35,152.72,109.9,145.9
20,rio-de-janeiro-rj-vitoria-es,2026-03-17,123.46,152.13,127.55,139.91
21,governador-valadares-mg-sao-paulo-sp,2026-03-21,252.69,259.74,258.77,263.97
16,ipatinga-mg-vitoria-es,2026-03-16,95.67,99.61,95.51,96.05
17,belo-horizonte-mg-governador-valadares-mg,2026-03-20,130.08,117.38,118.67,101.14
12,campinas-sp-sao-paulo-sp,2026-03-17,55.3,55.16,56.2,56.2
15,belo-horizonte-mg-brasilia-df,2026-03-22,247.07,237.79,232.28,228.98
10,belo-horizonte-mg-rio-de-janeiro-rj,2026-03-17,111.4,112.71,109.99,109.99
9,belo-horizonte-mg-brasilia-df,2026-03-18,227.76,231.55,226.98,224.99
8,governador-valadares-mg-sao-paulo-sp,2026-03-18,259.83,235.94,256.99,226.48
9,ipatinga-mg-vitoria-es,2026-03-20,114.35,101.09,122.22,98.74
3,belo-horizonte-mg-governador-valadares-mg,2026-03-19,152.28,140.13,167.0,118.79
4,belo-horizonte-mg-rio-de-janeiro-rj,2026-03-20,150.22,167.96,143.18,179.99
1,campinas-sp-rio-de-janeiro-rj,2026-03-18,147.09,139.39,139.99,139.99
4,rio-de-janeiro-rj-vitoria-es,2026-03-21,133.61,149.43,129.9,145.9
3,belo-horizonte-mg-rio-de-janeiro-rj,2026-03-21,130.51,146.56,129.99,139.99
22,belo-horizonte-mg-sao-paulo-sp,2026-03-16,165.33,187.38,154.99,179.99
21,belo-horizonte-mg-governador-valadares-mg,2026-03-17,101.84,103.35,64.92,65.16
21,rio-de-janeiro-rj-uberlandia-mg,2026-03-18,237.48,237.14,237.99,237.99
18,sao-jose-dos-campos-sp-sao-paulo-sp,2026-03-16,46.17,46.33,44.25,47.75
22,sao-jose-dos-campos-sp-sao-paulo-sp,2026-03-22,45.33,46.66,47.75,47.75
14,belo-horizonte-mg-governador-valadares-mg,2026-03-18,103.88,118.61,65.73,116.29
16,belo-horizonte-mg-cabo-frio-rj,2026-03-21,203.76,169.19,199.9,169.9
11,sao-jose-dos-campos-sp-sao-paulo-sp,2026-03-22,47.65,47.07,50.3,47.75
3,sao-paulo-sp-vitoria-es,2026-03-19,258.99,250.99,250.87,239.9
0,belo-horizonte-mg-governador-valadares-mg,2026-03-18,176.43,171.21,180.87,188.42
25,belo-horizonte-mg-sao-paulo-sp,2026-03-19,183.57,191.82,169.99,199.99
24,rio-de-janeiro-rj-sao-paulo-sp,2026-03-22,103.87,104.89,103.43,103.42
22,belo-horizonte-mg-brasilia-df,2026-03-21,230.59,257.13,228.98,236.23
18,rio-de-janeiro-rj-sao-paulo-sp,2026-03-17,99.75,102.25,93.51,97.99
18,rio-de-janeiro-rj-sao-paulo-sp,2026-03-18,99.94,102.12,94.9,94.99
15,campinas-sp-rio-de-janeiro-rj,2026-03-16,151.12,146.56,143.9,149.99
21,ipatinga-mg-vitoria-es,2026-03-22,99.16,95.93,94.06,94.06
16,ribeirao-preto-sp-sao-paulo-sp,2026-03-17,158.42,159.31,155.3,158.9
19,belo-horizonte-mg-sao-paulo-sp,2026-03-22,172.41,188.73,159.99,182.49
15,belo-horizonte-mg-governador-valadares-mg,2026-03-19,116.03,116.33,101.26,101.02
18,belo-horizonte-mg-rio-de-janeiro-rj,2026-03-22,132.56,136.12,139.99,139.99
14,belo-horizonte-mg-governador-valadares-mg,2026-03-21,110.75,112.56,101.26,101.26
11,campinas-sp-rio-de-janeiro-rj,2026-03-19,147.61,141.49,139.99,139.99
7,sao-jose-dos-campos-sp-sao-paulo-sp,2026-03-19,50.6,47.12,50.3,47.75
5,belo-horizonte-mg-brasilia-df,2026-03-18,234.08,234.25,227.99,224.99
7,belo-horizonte-mg-rio-de-janeiro-rj,2026-03-20,145.15,153.86,139.9,159.99
8,belo-horizonte-mg-sao-paulo-sp,2026-03-22,165.92,183.73,159.99,174.99
6,rio-de-janeiro-rj-sao-paulo-sp,2026-03-22,118.99,114.0,114.99,109.99
5,sao-paulo-sp-vitoria-es,2026-03-22,237.65,240.67,245.39,233.51
2,belo-horizonte-mg-cabo-frio-rj,2026-03-22,287.54,216.99,320.99,213.99
2,belo-horizonte-mg-governador-valadares-mg,2026-03-22,182.16,165.46,188.67,180.14
0,ribeirao-preto-sp-sao-paulo-sp,2026-03-20,158.66,168.24,147.99,158.9
25,belo-horizonte-mg-brasilia-df,2026-03-20,218.45,257.53,228.98,242.46
23,governador-valadares-mg-sao-paulo-sp,2026-03-22,245.79,246.54,240.54,257.97
19,campinas-sp-rio-de-janeiro-rj,2026-03-19,149.52,150.33,139.99,150.9
21,campinas-sp-sao-paulo-sp,2026-03-22,55.06,55.4,56.2,56.2
20,governador-valadares-mg-sao-paulo-sp,2026-03-22,245.61,252.66,240.54,263.38
15,belo-horizonte-mg-montes-claros-mg,2026-03-18,144.91,183.37,124.84,165.81
16,belo-horizonte-mg-uberlandia-mg,2026-03-19,119.73,91.97,88.49,88.33
14,rio-de-janeiro-rj-vitoria-es,2026-03-17,129.0,128.42,129.9,127.55
17,belo-horizonte-mg-uberlandia-mg,2026-03-22,120.85,137.2,88.65,88.65
16,rio-de-janeiro-rj-uberlandia-mg,2026-03-22,221.99,239.44,220.0,238.97
14,belo-horizonte-mg-sao-paulo-sp,2026-03-21,187.01,185.48,174.99,174.99
13,campinas-sp-rio-de-janeiro-rj,2026-03-20,162.56,157.18,159.99,159.99
3,ribeirao-preto-sp-sao-paulo-sp,2026-03-20,167.25,169.97,158.9,158.9
27,rio-de-janeiro-rj-sao-paulo-sp,2026-03-22,106.75,105.81,104.99,103.43
26,sao-jose-dos-campos-sp-sao-paulo-sp,2026-03-22,47.01,47.07,47.75,47.75
20,sao-paulo-sp-vitoria-es,2026-03-16,197.08,350.42,219.29,439.99
19,ipatinga-mg-vitoria-es,2026-03-16,92.93,92.89,90.04,93.17
24,belo-horizonte-mg-sao-paulo-sp,2026-03-22,172.41,180.59,159.99,174.99
19,belo-horizonte-mg-sao-paulo-sp,2026-03-18,184.22,184.01,174.99,174.99
16,belo-horizonte-mg-uberlandia-mg,2026-03-16,93.19,111.71,88.54,88.65
11,belo-horizonte-mg-cabo-frio-rj,2026-03-16,198.78,188.6,199.9,189.9
11,campinas-sp-rio-de-janeiro-rj,2026-03-16,149.64,148.96,150.45,149.99
16,campinas-sp-rio-de-janeiro-rj,2026-03-22,163.2,159.68,160.68,159.99
14,rio-de-janeiro-rj-sao-paulo-sp,2026-03-20,103.16,105.71,102.98,104.99
14,campinas-sp-sao-paulo-sp,2026-03-21,55.61,55.0,56.2,56.2
10,sao-paulo-sp-vitoria-es,2026-03-17,263.34,233.21,272.87,236.7
8,sao-paulo-sp-vitoria-es,2026-03-16,229.13,232.67,232.78,239.91
7,belo-horizonte-mg-cabo-frio-rj,2026-03-16,218.58,189.64,199.99,179.99
7,belo-horizonte-mg-montes-claros-mg,2026-03-16,150.62,150.76,134.97,141.99
7,belo-horizonte-mg-uberlandia-mg,2026-03-19,135.25,118.25,163.12,88.33
8,ipatinga-mg-vitoria-es,2026-03-20,98.51,99.37,95.81,98.74
10,rio-de-janeiro-rj-vitoria-es,2026-03-22,127.66,135.01,122.91,130.91
7,belo-horizonte-mg-governador-valadares-mg,2026-03-20,155.66,136.57,180.87,118.55
4,campinas-sp-rio-de-janeiro-rj,2026-03-17,162.61,163.24,159.99,159.99
7,governador-valadares-mg-sao-paulo-sp,2026-03-22,248.08,255.75,240.54,253.13
0,ribeirao-preto-sp-sao-paulo-sp,2026-03-17,151.65,154.72,151.65,155.3
3,rio-de-janeiro-rj-vitoria-es,2026-03-21,133.61,144.68,129.9,143.72
2,campinas-sp-rio-de-janeiro-rj,2026-03-22,161.07,151.67,154.99,149.99
1,sao-paulo-sp-vitoria-es,2026-03-21,274.31,270.25,280.22,259.91
26,ipatinga-mg-vitoria-es,2026-03-20,90.3,90.3,87.8,87.8
23,rio-de-janeiro-rj-uberlandia-mg,2026-03-21,241.78,236.76,237.99,237.99
23,rio-de-janeiro-rj-sao-paulo-sp,2026-03-22,104.29,105.24,102.71,99.99
14,belo-horizonte-mg-uberlandia-mg,2026-03-17,113.45,110.43,88.44,95.09
11,belo-horizonte-mg-rio-de-janeiro-rj,2026-03-16,144.86,154.17,159.99,169.99
17,governador-valadares-mg-sao-paulo-sp,2026-03-22,251.93,230.25,256.96,208.45
13,rio-de-janeiro-rj-vitoria-es,2026-03-18,139.96,136.62,130.22,139.91
17,sao-paulo-sp-vitoria-es,2026-03-22,255.23,247.27,302.27,228.8
12,ribeirao-preto-sp-sao-paulo-sp,2026-03-18,160.97,157.76,158.9,155.3
15,belo-horizonte-mg-montes-claros-mg,2026-03-22,150.39,183.96,132.63,171.66
8,belo-horizonte-mg-cabo-frio-rj,2026-03-17,292.63,170.63,281.99,179.99
13,belo-horizonte-mg-montes-claros-mg,2026-03-22,150.39,183.96,132.63,171.66
13,rio-de-janeiro-rj-uberlandia-mg,2026-03-22,230.9,238.81,223.98,238.48
10,belo-horizonte-mg-uberlandia-mg,2026-03-20,141.33,115.06,88.65,101.41
6,belo-horizonte-mg-brasilia-df,2026-03-17,238.5,230.71,242.46,228.98
3,belo-horizonte-mg-montes-claros-mg,2026-03-18,155.04,183.03,134.97,165.4
7,belo-horizonte-mg-rio-de-janeiro-rj,2026-03-22,145.5,154.91,156.9,164.99
1,belo-horizonte-mg-governador-valadares-mg,2026-03-19,162.63,150.98,180.87,157.71
28,campinas-sp-rio-de-janeiro-rj,2026-03-22,147.35,163.77,138.91,169.99
26,rio-de-janeiro-rj-uberlandia-mg,2026-03-20,251.92,256.58,237.99,239.97
21,belo-horizonte-mg-rio-de-janeiro-rj,2026-03-20,109.35,104.8,109.9,89.99
19,sao-paulo-sp-vitoria-es,2026-03-19,250.28,212.04,272.7,230.43
21,governador-valadares-mg-sao-paulo-sp,2026-03-22,247.72,252.66,256.96,263.38
17,rio-de-janeiro-rj-vitoria-es,2026-03-18,134.33,154.07,129.91,145.9
20,campinas-sp-rio-de-janeiro-rj,2026-03-22,150.9,163.75,149.99,169.99
16,ribeirao-preto-sp-sao-paulo-sp,2026-03-18,161.46,159.11,158.9,158.9
13,ipatinga-mg-vitoria-es,2026-03-16,96.79,113.1,95.51,96.05
14,ribeirao-preto-sp-sao-paulo-sp,2026-03-17,162.61,156.75,155.3,155.3
13,belo-horizonte-mg-governador-valadares-mg,2026-03-17,107.11,115.69,101.02,101.26
16,rio-de-janeiro-rj-vitoria-es,2026-03-21,130.54,132.73,129.91,129.91
12,belo-horizonte-mg-montes-claros-mg,2026-03-18,144.91,182.03,124.84,159.95
11,governador-valadares-mg-sao-paulo-sp,2026-03-19,248.83,225.35,240.87,208.45
10,belo-horizonte-mg-montes-claros-mg,2026-03-20,149.61,158.52,130.29,141.99
6,rio-de-janeiro-rj-sao-paulo-sp,2026-03-16,108.78,115.22,104.99,109.99
9,rio-de-janeiro-rj-sao-paulo-sp,2026-03-21,104.68,106.29,103.98,104.99
8,belo-horizonte-mg-montes-claros-mg,2026-03-21,134.13,144.34,130.29,141.99
5,belo-horizonte-mg-uberlandia-mg,2026-03-18,129.41,160.79,88.65,163.23
7,rio-de-janeiro-rj-uberlandia-mg,2026-03-20,245.04,250.87,225.98,239.97
7,belo-horizonte-mg-sao-paulo-sp,2026-03-21,173.97,194.06,159.99,187.49
6,rio-de-janeiro-rj-uberlandia-mg,2026-03-21,235.58,239.18,223.98,237.99
6,sao-paulo-sp-vitoria-es,2026-03-21,220.45,232.82,226.58,232.05
0,rio-de-janeiro-rj-sao-paulo-sp,2026-03-16,138.64,125.79,149.9,124.99
23,belo-horizonte-mg-montes-claros-mg,2026-03-17,157.04,154.32,141.99,141.99
23,governador-valadares-mg-sao-paulo-sp,2026-03-17,244.45,256.73,251.5,256.96
22,belo-horizonte-mg-montes-claros-mg,2026-03-19,151.01,155.99,141.99,141.99
21,belo-horizonte-mg-sao-paulo-sp,2026-03-18,183.82,182.22,174.99,174.99
23,belo-horizonte-mg-uberlandia-mg,2026-03-20,110.12,108.93,88.54,88.51
19,campinas-sp-rio-de-janeiro-rj,2026-03-16,147.81,149.27,138.91,149.99
24,belo-horizonte-mg-rio-de-janeiro-rj,2026-03-22,110.94,108.53,109.9,103.4
8,governador-valadares-mg-sao-paulo-sp,2026-03-17,249.93,227.65,256.96,225.91
6,belo-horizonte-mg-governador-valadares-mg,2026-03-16,135.58,145.77,118.79,136.32
7,ribeirao-preto-sp-sao-paulo-sp,2026-03-19,154.94,157.76,154.1,155.3
5,belo-horizonte-mg-sao-paulo-sp,2026-03-18,188.84,182.86,174.99,174.99
3,governador-valadares-mg-sao-paulo-sp,2026-03-19,242.26,247.99,238.94,249.87
1,rio-de-janeiro-rj-uberlandia-mg,2026-03-17,233.21,240.77,228.49,239.97
2,governador-valadares-mg-sao-paulo-sp,2026-03-20,255.63,260.98,259.78,259.23
0,belo-horizonte-mg-governador-valadares-mg,2026-03-19,192.92,157.03,188.91,173.17
2,belo-horizonte-mg-governador-valadares-mg,2026-03-21,144.37,154.07,136.32,162.61
0,campinas-sp-sao-paulo-sp,2026-03-22,56.5,54.96,56.5,56.2
28,belo-horizonte-mg-uberlandia-mg,2026-03-22,92.84,102.9,88.49,88.4
23,sao-jose-dos-campos-sp-sao-paulo-sp,2026-03-19,47.12,47.12,47.75,47.75
16,governador-valadares-mg-sao-paulo-sp,2026-03-16,265.72,264.08,258.8,263.97
22,ipatinga-mg-vitoria-es,2026-03-22,97.62,95.93,94.06,94.06
17,sao-paulo-sp-vitoria-es,2026-03-17,242.11,238.91,239.91,233.51
17,belo-horizonte-mg-uberlandia-mg,2026-03-18,91.28,146.12,88.33,88.65
18,belo-horizonte-mg-uberlandia-mg,2026-03-20,120.25,110.24,88.54,88.54
9,sao-jose-dos-campos-sp-sao-paulo-sp,2026-03-16,48.41,47.24,50.3,47.75
3,rio-de-janeiro-rj-vitoria-es,2026-03-17,127.49,146.87,125.65,145.9
3,belo-horizonte-mg-uberlandia-mg,2026-03-18,173.28,160.79,163.5,163.23
0,rio-de-janeiro-rj-sao-paulo-sp,2026-03-20,143.76,123.3,149.9,124.9
26,belo-horizonte-mg-rio-de-janeiro-rj,2026-03-20,110.03,104.28,109.9,97.9
28,ribeirao-preto-sp-sao-paulo-sp,2026-03-22,172.0,169.73,155.3,158.9
25,sao-jose-dos-campos-sp-sao-paulo-sp,2026-03-21,52.41,47.41,50.25,47.75
18,belo-horizonte-mg-montes-claros-mg,2026-03-21,131.42,142.21,130.69,141.99
15,campinas-sp-rio-de-janeiro-rj,2026-03-18,147.85,149.16,144.2,154.99
15,ipatinga-mg-vitoria-es,2026-03-18,100.71,90.93,96.4,90.93
15,campinas-sp-rio-de-janeiro-rj,2026-03-19,151.81,146.06,146.95,151.7
13,rio-de-janeiro-rj-sao-paulo-sp,2026-03-17,100.32,107.55,94.99,104.99
16,belo-horizonte-mg-rio-de-janeiro-rj,2026-03-22,127.32,134.31,133.45,139.99
9,rio-de-janeiro-rj-vitoria-es,2026-03-16,127.17,140.9,120.21,137.9
13,ribeirao-preto-sp-sao-paulo-sp,2026-03-22,167.29,169.05,158.9,158.9
5,belo-horizonte-mg-brasilia-df,2026-03-16,244.24,233.8,240.97,234.23
8,rio-de-janeiro-rj-sao-paulo-sp,2026-03-20,106.62,108.71,104.98,108.42
3,campinas-sp-sao-paulo-sp,2026-03-17,55.3,55.04,56.2,56.2
4,belo-horizonte-mg-uberlandia-mg,2026-03-19,194.3,128.41,191.29,101.9
1,sao-paulo-sp-vitoria-es,2026-03-17,247.89,241.45,248.14,236.7
26,belo-horizonte-mg-sao-paulo-sp,2026-03-20,170.19,186.14,142.45,174.99
19,rio-de-janeiro-rj-vitoria-es,2026-03-16,132.56,168.19,132.17,159.91
16,belo-horizonte-mg-sao-paulo-sp,2026-03-20,178.03,188.26,166.71,179.99
15,ipatinga-mg-vitoria-es,2026-03-22,109.95,100.62,105.79,98.74
5,ipatinga-mg-vitoria-es,2026-03-17,102.56,96.4,102.56,96.4
4,rio-de-janeiro-rj-sao-paulo-sp,2026-03-17,125.22,117.11,119.99,118.21
4,sao-jose-dos-campos-sp-sao-paulo-sp,2026-03-17,47.1,47.07,47.8,47.75
7,campinas-sp-sao-paulo-sp,2026-03-21,55.56,55.29,56.2,56.2
3,belo-horizonte-mg-governador-valadares-mg,2026-03-21,140.48,146.79,136.08,149.23
25,sao-jose-dos-campos-sp-sao-paulo-sp,2026-03-19,46.07,46.71,44.25,47.75
26,belo-horizonte-mg-cabo-frio-rj,2026-03-21,193.47,185.47,174.9,199.9
25,belo-horizonte-mg-sao-paulo-sp,2026-03-22,185.74,189.34,174.99,184.99
20,belo-horizonte-mg-uberlandia-mg,2026-03-17,110.83,103.71,88.33,88.3
18,belo-horizonte-mg-governador-valadares-mg,2026-03-17,104.21,105.36,65.73,65.45
23,rio-de-janeiro-rj-uberlandia-mg,2026-03-22,241.16,238.62,237.99,237.99
18,belo-horizonte-mg-cabo-frio-rj,2026-03-18,232.04,156.57,239.9,139.9
20,campinas-sp-sao-paulo-sp,2026-03-22,55.19,55.32,56.2,56.2
18,ipatinga-mg-vitoria-es,2026-03-20,92.49,92.49,94.06,94.06
14,sao-paulo-sp-vitoria-es,2026-03-20,235.32,253.39,207.27,235.98
11,belo-horizonte-mg-cabo-frio-rj,2026-03-20,211.57,166.01,219.9,169.9
7,campinas-sp-sao-paulo-sp,2026-03-16,55.18,54.88,56.2,56.2
11,belo-horizonte-mg-sao-paulo-sp,2026-03-21,186.71,186.08,174.99,174.99
7,ribeirao-preto-sp-sao-paulo-sp,2026-03-20,165.97,169.15,158.9,158.9
2,belo-horizonte-mg-brasilia-df,2026-03-16,256.37,237.79,247.88,242.46
8,sao-jose-dos-campos-sp-sao-paulo-sp,2026-03-22,46.87,47.07,47.8,47.75
3,belo-horizonte-mg-brasilia-df,2026-03-21,274.89,254.77,239.99,232.98
3,ribeirao-preto-sp-sao-paulo-sp,2026-03-22,165.4,169.95,158.9,158.9
1,ipatinga-mg-vitoria-es,2026-03-22,132.1,127.45,132.11,131.95
3,belo-horizonte-mg-sao-paulo-sp,2026-03-22,172.73,177.71,174.99,171.59
20,belo-horizonte-mg-rio-de-janeiro-rj,2026-03-16,116.53,109.43,119.9,109.9
21,belo-horizonte-mg-cabo-frio-rj,2026-03-20,187.9,138.68,195.4,139.9
20,ribeirao-preto-sp-sao-paulo-sp,2026-03-20,170.07,170.95,158.9,158.9
20,belo-horizonte-mg-governador-valadares-mg,2026-03-21,102.55,106.16,65.16,65.73
14,belo-horizonte-mg-brasilia-df,2026-03-17,240.08,252.81,235.58,254.76
13,sao-paulo-sp-vitoria-es,2026-03-20,235.32,249.29,207.27,232.05
9,belo-horizonte-mg-sao-paulo-sp,2026-03-17,180.78,179.46,174.99,164.99
9,belo-horizonte-mg-rio-de-janeiro-rj,2026-03-19,150.5,154.91,169.99,169.99
12,belo-horizonte-mg-sao-paulo-sp,2026-03-22,177.31,179.42,169.9,174.99
10,belo-horizonte-mg-rio-de-janeiro-rj,2026-03-21,109.04,111.68,109.99,109.99
5,belo-horizonte-mg-governador-valadares-mg,2026-03-17,119.27,127.17,118.55,127.56
6,rio-de-janeiro-rj-vitoria-es,2026-03-19,126.26,139.01,120.77,139.91
2,belo-horizonte-mg-uberlandia-mg,2026-03-18,176.27,183.65,163.83,193.19
2,rio-de-janeiro-rj-vitoria-es,2026-03-19,133.13,144.95,128.73,145.9
2,belo-horizonte-mg-cabo-frio-rj,2026-03-20,272.18,158.11,280.49,139.99
25,belo-horizonte-mg-uberlandia-mg,2026-03-19,113.46,103.01,88.44,88.19
27,campinas-sp-sao-paulo-sp,2026-03-21,55.57,55.13,56.5,56.2
27,belo-horizonte-mg-rio-de-janeiro-rj,2026-03-22,110.56,105.99,109.9,90.0
26,belo-horizonte-mg-cabo-frio-rj,2026-03-22,183.7,183.12,179.9,179.9
23,rio-de-janeiro-rj-uberlandia-mg,2026-03-20,248.85,256.82,238.97,239.97
24,ribeirao-preto-sp-sao-paulo-sp,2026-03-22,166.08,169.78,158.9,158.9
18,campinas-sp-sao-paulo-sp,2026-03-20,55.83,55.13,56.2,56.2
16,belo-horizonte-mg-governador-valadares-mg,2026-03-19,109.98,115.86,101.02,101.26
14,campinas-sp-sao-paulo-sp,2026-03-18,54.86,54.75,56.2,56.2
16,rio-de-janeiro-rj-sao-paulo-sp,2026-03-20,103.35,104.27,100.98,103.43
13,belo-horizonte-mg-brasilia-df,2026-03-18,236.56,250.44,226.98,226.98
13,governador-valadares-mg-sao-paulo-sp,2026-03-18,259.09,236.69,256.99,239.88
14,sao-jose-dos-campos-sp-sao-paulo-sp,2026-03-19,47.12,47.12,47.75,47.75
13,belo-horizonte-mg-governador-valadares-mg,2026-03-19,114.31,116.03,101.02,101.26
13,belo-horizonte-mg-cabo-frio-rj,2026-03-22,266.55,210.68,279.9,219.9
11,governador-valadares-mg-sao-paulo-sp,2026-03-21,258.11,232.2,260.98,225.91
10,sao-jose-dos-campos-sp-sao-paulo-sp,2026-03-20,47.19,47.17,47.8,47.75
3,rio-de-janeiro-rj-sao-paulo-sp,2026-03-16,127.58,120.19,124.99,123.42
3,belo-horizonte-mg-governador-valadares-mg,2026-03-17,137.56,139.92,124.06,136.32
1,ribeirao-preto-sp-sao-paulo-sp,2026-03-16,161.72,159.07,158.9,155.3
4,ribeirao-preto-sp-sao-paulo-sp,2026-03-19,159.71,158.05,155.3,155.3
2,belo-horizonte-mg-rio-de-janeiro-rj,2026-03-18,132.38,159.96,139.9,179.99
2,rio-de-janeiro-rj-vitoria-es,2026-03-20,137.71,141.95,129.9,134.89
0,belo-horizonte-mg-governador-valadares-mg,2026-03-21,158.44,165.78,171.74,175.52
23,belo-horizonte-mg-cabo-frio-rj,2026-03-17,206.65,175.19,209.9,179.9
27,belo-horizonte-mg-sao-paulo-sp,2026-03-22,193.72,189.34,209.99,184.99
23,belo-horizonte-mg-montes-claros-mg,2026-03-19,157.04,155.99,141.99,141.99
22,ribeirao-preto-sp-sao-paulo-sp,2026-03-18,162.33,160.85,155.3,158.9
17,governador-valadares-mg-sao-paulo-sp,2026-03-20,254.24,238.46,250.32,241.62
15,belo-horizonte-mg-brasilia-df,2026-03-19,237.76,243.75,228.98,242.46
14,campinas-sp-rio-de-janeiro-rj,2026-03-19,152.61,144.77,149.99,139.99
10,rio-de-janeiro-rj-uberlandia-mg,2026-03-17,227.54,238.22,225.98,238.99
14,belo-horizonte-mg-sao-paulo-sp,2026-03-22,162.1,179.26,159.99,174.99
10,sao-jose-dos-campos-sp-sao-paulo-sp,2026-03-21,46.19,47.41,46.03,47.75
6,belo-horizonte-mg-uberlandia-mg,2026-03-18,101.07,178.11,88.33,163.23
3,rio-de-janeiro-rj-uberlandia-mg,2026-03-16,222.86,250.53,223.98,239.98
6,ipatinga-mg-vitoria-es,2026-03-20,98.51,97.03,95.81,98.74
8,rio-de-janeiro-rj-sao-paulo-sp,2026-03-22,112.93,109.1,109.99,108.43
1,belo-horizonte-mg-cabo-frio-rj,2026-03-16,245.89,195.19,239.99,211.99
4,belo-horizonte-mg-sao-paulo-sp,2026-03-19,175.78,191.21,174.99,178.29
4,rio-de-janeiro-rj-sao-paulo-sp,2026-03-19,127.82,116.75,129.91,119.99
22,rio-de-janeiro-rj-sao-paulo-sp,2026-03-19,106.64,105.25,104.99,104.21
17,sao-paulo-sp-vitoria-es,2026-03-18,246.9,215.9,245.37,228.8
18,rio-de-janeiro-rj-vitoria-es,2026-03-22,134.72,130.4,129.9,129.89
15,belo-horizonte-mg-montes-claros-mg,2026-03-20,148.12,158.78,130.29,141.99
14,rio-de-janeiro-rj-vitoria-es,2026-03-19,136.61,134.74,129.9,129.91
13,campinas-sp-rio-de-janeiro-rj,2026-03-19,151.84,145.75,149.99,139.99
12,governador-valadares-mg-sao-paulo-sp,2026-03-19,250.67,226.46,240.87,208.45
10,ipatinga-mg-vitoria-es,2026-03-18,111.44,93.66,108.14,94.06
10,rio-de-janeiro-rj-vitoria-es,2026-03-18,132.99,133.9,119.91,137.61
11,belo-horizonte-mg-montes-claros-mg,2026-03-21,132.85,139.02,130.29,136.54
4,ipatinga-mg-vitoria-es,2026-03-17,99.19,100.23,99.19,96.4
3,ipatinga-mg-vitoria-es,2026-03-20,98.51,108.79,95.81,114.07
22,governador-valadares-mg-sao-paulo-sp,2026-03-16,239.18,298.04,253.13,275.89
21,belo-horizonte-mg-cabo-frio-rj,2026-03-17,206.65,172.08,209.9,179.9
17,belo-horizonte-mg-sao-paulo-sp,2026-03-16,181.99,187.49,172.49,179.99
20,belo-horizonte-mg-cabo-frio-rj,2026-03-20,189.57,142.9,199.9,139.9
19,rio-de-janeiro-rj-vitoria-es,2026-03-20,133.83,146.79,129.9,133.76
14,belo-horizonte-mg-rio-de-janeiro-rj,2026-03-16,126.55,138.04,137.52,139.99
15,belo-horizonte-mg-sao-paulo-sp,2026-03-17,165.58,179.36,154.99,169.99
14,belo-horizonte-mg-brasilia-df,2026-03-21,246.2,234.66,231.97,228.98
13,rio-de-janeiro-rj-vitoria-es,2026-03-20,124.34,135.0,119.9,129.91
7,belo-horizonte-mg-sao-paulo-sp,2026-03-18,181.53,183.43,174.99,174.99
9,belo-horizonte-mg-uberlandia-mg,2026-03-22,187.11,167.89,189.6,189.49
5,belo-horizonte-mg-governador-valadares-mg,2026-03-19,139.3,135.83,136.7,118.79
2,belo-horizonte-mg-montes-claros-mg,2026-03-19,157.5,165.67,141.99,153.7
23,belo-horizonte-mg-brasilia-df,2026-03-17,209.07,254.58,240.97,248.99
25,belo-horizonte-mg-rio-de-janeiro-rj,2026-03-19,111.91,104.39,109.9,98.9
20,belo-horizonte-mg-brasilia-df,2026-03-18,246.14,257.95,231.28,242.95
19,rio-de-janeiro-rj-vitoria-es,2026-03-19,137.86,158.36,129.9,163.72
15,belo-horizonte-mg-brasilia-df,2026-03-17,226.1,260.38,237.53,266.06
15,belo-horizonte-mg-cabo-frio-rj,2026-03-17,209.15,163.23,219.9,154.9
18,campinas-sp-rio-de-janeiro-rj,2026-03-21,156.58,160.08,159.99,159.99
14,belo-horizonte-mg-rio-de-janeiro-rj,2026-03-20,131.59,132.67,139.99,139.9
14,campinas-sp-rio-de-janeiro-rj,2026-03-20,162.51,157.25,164.99,159.99
13,rio-de-janeiro-rj-uberlandia-mg,2026-03-19,229.58,238.81,223.98,238.48
13,belo-horizonte-mg-cabo-frio-rj,2026-03-20,205.78,164.9,199.9,169.9
14,belo-horizonte-mg-brasilia-df,2026-03-22,241.46,225.31,228.43,228.98
7,belo-horizonte-mg-rio-de-janeiro-rj,2026-03-17,113.54,113.06,109.99,109.99
7,campinas-sp-rio-de-janeiro-rj,2026-03-17,162.42,161.83,159.99,159.99
8,rio-de-janeiro-rj-uberlandia-mg,2026-03-19,230.31,238.98,223.98,238.48
8,belo-horizonte-mg-governador-valadares-mg,2026-03-21,131.4,126.82,118.55,118.55
2,rio-de-janeiro-rj-vitoria-es,2026-03-16,126.73,161.16,125.65,157.57
2,campinas-sp-sao-paulo-sp,2026-03-18,55.49,55.08,56.2,56.2
3,ipatinga-mg-vitoria-es,2026-03-21,91.92,98.71,92.23,98.39
3,sao-jose-dos-campos-sp-sao-paulo-sp,2026-03-21,47.86,49.09,47.8,50.25
2,belo-horizonte-mg-brasilia-df,2026-03-21,272.76,269.25,239.69,236.12
24,sao-paulo-sp-vitoria-es,2026-03-18,195.97,244.19,219.29,240.86
23,belo-horizonte-mg-cabo-frio-rj,2026-03-20,183.12,138.68,179.9,139.9
20,rio-de-janeiro-rj-uberlandia-mg,2026-03-19,239.06,238.62,238.48,237.99
17,rio-de-janeiro-rj-uberlandia-mg,2026-03-17,239.46,239.61,239.47,238.97
15,belo-horizonte-mg-rio-de-janeiro-rj,2026-03-19,134.91,137.31,139.99,139.99
14,campinas-sp-rio-de-janeiro-rj,2026-03-21,159.18,157.3,159.99,159.99
14,governador-valadares-mg-sao-paulo-sp,2026-03-21,258.88,238.25,261.27,238.58
12,belo-horizonte-mg-brasilia-df,2026-03-20,251.26,227.6,228.98,226.99
5,rio-de-janeiro-rj-sao-paulo-sp,2026-03-17,113.58,116.86,114.99,114.99
6,belo-horizonte-mg-cabo-frio-rj,2026-03-20,258.99,182.93,267.99,188.99
4,governador-valadares-mg-sao-paulo-sp,2026-03-19,243.04,240.15,237.44,239.92
25,belo-horizonte-mg-governador-valadares-mg,2026-03-20,125.74,107.28,118.79,65.16
27,belo-horizonte-mg-montes-claros-mg,2026-03-22,165.61,166.58,141.99,141.99
21,sao-jose-dos-campos-sp-sao-paulo-sp,2026-03-17,47.1,47.07,47.75,47.75
22,sao-jose-dos-campos-sp-sao-paulo-sp,2026-03-20,47.17,46.78,47.75,47.75
21,ipatinga-mg-vitoria-es,2026-03-21,90.0,90.0,90.04,90.04
16,campinas-sp-rio-de-janeiro-rj,2026-03-18,146.54,141.22,139.99,139.99
12,ipatinga-mg-vitoria-es,2026-03-17,90.93,96.4,90.93,96.4
8,sao-jose-dos-campos-sp-sao-paulo-sp,2026-03-18,47.1,47.07,47.8,47.75
1,ribeirao-preto-sp-sao-paulo-sp,2026-03-21,160.66,157.27,158.9,155.3
27,ribeirao-preto-sp-sao-paulo-sp,2026-03-21,159.53,159.4,155.3,158.9
19,ipatinga-mg-vitoria-es,2026-03-17,93.67,90.93,94.06,90.93
16,belo-horizonte-mg-governador-valadares-mg,2026-03-18,101.73,121.75,65.04,108.74
13,campinas-sp-rio-de-janeiro-rj,2026-03-18,145.1,144.33,139.99,139.99
13,sao-jose-dos-campos-sp-sao-paulo-sp,2026-03-18,47.07,47.07,47.75,47.75
12,belo-horizonte-mg-brasilia-df,2026-03-19,237.49,229.35,227.87,226.99
12,belo-horizonte-mg-rio-de-janeiro-rj,2026-03-21,110.19,112.13,109.99,109.99
12,belo-horizonte-mg-rio-de-janeiro-rj,2026-03-22,149.98,158.56,155.32,169.99
9,belo-horizonte-mg-sao-paulo-sp,2026-03-19,186.27,183.04,184.99,179.99
5,ipatinga-mg-vitoria-es,2026-03-16,96.65,119.53,98.04,101.92
9,belo-horizonte-mg-brasilia-df,2026-03-21,229.59,216.49,230.48,220.98
5,rio-de-janeiro-rj-sao-paulo-sp,2026-03-19,125.37,114.92,122.98,113.41
7,belo-horizonte-mg-governador-valadares-mg,2026-03-22,160.99,146.96,171.14,153.47
2,ribeirao-preto-sp-sao-paulo-sp,2026-03-18,160.87,157.76,158.9,155.3
2,belo-horizonte-mg-brasilia-df,2026-03-19,260.46,246.11,253.14,228.98
4,belo-horizonte-mg-brasilia-df,2026-03-21,274.11,250.7,239.48,231.97
2,belo-horizonte-mg-sao-paulo-sp,2026-03-21,177.16,171.24,164.9,159.99
23,ribeirao-preto-sp-sao-paulo-sp,2026-03-19,160.22,159.31,158.9,158.9
24,campinas-sp-rio-de-janeiro-rj,2026-03-22,147.83,163.27,138.91,169.99
20,governador-valadares-mg-sao-paulo-sp,2026-03-18,253.7,264.28,249.87,263.71
20,belo-horizonte-mg-sao-paulo-sp,2026-03-19,190.0,191.26,184.99,199.99
16,belo-horizonte-mg-brasilia-df,2026-03-17,229.4,260.38,235.58,266.06
11,sao-paulo-sp-vitoria-es,2026-03-16,259.71,261.26,305.5,239.91
14,belo-horizonte-mg-uberlandia-mg,2026-03-20,143.35,109.06,88.65,88.65
13,campinas-sp-rio-de-janeiro-rj,2026-03-22,163.07,157.66,159.99,159.99
10,belo-horizonte-mg-uberlandia-mg,2026-03-21,105.42,122.36,88.65,101.52
3,belo-horizonte-mg-sao-paulo-sp,2026-03-18,171.46,170.25,159.99,157.49
1,governador-valadares-mg-sao-paulo-sp,2026-03-19,256.31,250.27,259.78,256.96
2,ipatinga-mg-vitoria-es,2026-03-20,109.31,115.8,95.81,114.07
21,campinas-sp-sao-paulo-sp,2026-03-17,54.87,55.02,56.2,56.2
22,rio-de-janeiro-rj-sao-paulo-sp,2026-03-21,100.0,101.2,100.98,98.99
22,campinas-sp-rio-de-janeiro-rj,2026-03-22,152.63,163.08,149.99,169.99
15,ribeirao-preto-sp-sao-paulo-sp,2026-03-16,159.08,159.8,155.3,158.9
18,belo-horizonte-mg-sao-paulo-sp,2026-03-20,169.86,183.98,150.9,159.99
17,rio-de-janeiro-rj-sao-paulo-sp,2026-03-20,102.63,105.77,100.98,104.99
9,belo-horizonte-mg-cabo-frio-rj,2026-03-16,209.28,167.74,199.99,159.49
7,belo-horizonte-mg-uberlandia-mg,2026-03-16,110.43,120.12,88.65,95.03
9,campinas-sp-rio-de-janeiro-rj,2026-03-21,158.99,165.01,149.99,159.99
4,rio-de-janeiro-rj-sao-paulo-sp,2026-03-16,116.15,119.68,119.99,119.99
3,campinas-sp-rio-de-janeiro-rj,2026-03-17,164.87,152.81,159.99,159.99
2,belo-horizonte-mg-brasilia-df,2026-03-18,255.72,237.27,245.43,224.99
1,governador-valadares-mg-sao-paulo-sp,2026-03-21,254.13,253.37,245.91,258.77
1,sao-jose-dos-campos-sp-sao-paulo-sp,2026-03-21,47.86,47.74,47.8,47.75
25,belo-horizonte-mg-sao-paulo-sp,2026-03-20,184.58,184.9,169.99,169.99
22,ribeirao-preto-sp-sao-paulo-sp,2026-03-19,158.51,159.31,155.3,158.9
24,campinas-sp-sao-paulo-sp,2026-03-22,56.2,55.36,56.2,56.2
20,rio-de-janeiro-rj-sao-paulo-sp,2026-03-19,104.93,104.66,103.43,99.99
18,rio-de-janeiro-rj-uberlandia-mg,2026-03-17,239.46,239.61,239.47,238.97
18,belo-horizonte-mg-sao-paulo-sp,2026-03-22,179.56,190.93,169.99,184.99
15,ribeirao-preto-sp-sao-paulo-sp,2026-03-22,168.93,169.52,158.9,158.9
12,campinas-sp-sao-paulo-sp,2026-03-21,55.16,55.39,56.2,56.2
7,sao-paulo-sp-vitoria-es,2026-03-16,230.91,229.58,232.78,232.05
4,rio-de-janeiro-rj-uberlandia-mg,2026-03-16,219.18,248.26,223.97,239.47
6,ribeirao-preto-sp-sao-paulo-sp,2026-03-19,157.13,157.98,155.3,155.3
6,sao-jose-dos-campos-sp-sao-paulo-sp,2026-03-19,47.16,48.49,47.8,47.75
7,belo-horizonte-mg-brasilia-df,2026-03-21,270.34,227.36,232.98,220.98
2,campinas-sp-rio-de-janeiro-rj,2026-03-16,149.69,140.83,139.99,136.43
5,sao-jose-dos-campos-sp-sao-paulo-sp,2026-03-20,47.2,47.17,47.8,47.75
2,campinas-sp-rio-de-janeiro-rj,2026-03-18,147.86,141.81,139.99,139.99
5,belo-horizonte-mg-governador-valadares-mg,2026-03-22,167.56,156.75,171.14,173.17
23,ipatinga-mg-vitoria-es,2026-03-17,93.67,90.93,94.06,90.93
21,belo-horizonte-mg-uberlandia-mg,2026-03-16,107.3,104.18,88.54,88.4
23,campinas-sp-sao-paulo-sp,2026-03-18,55.92,54.87,56.2,56.2
21,belo-horizonte-mg-sao-paulo-sp,2026-03-17,166.9,182.19,138.9,174.99
18,sao-paulo-sp-vitoria-es,2026-03-16,193.71,355.11,209.63,441.37
20,belo-horizonte-mg-montes-claros-mg,2026-03-19,147.96,155.64,130.29,141.99
19,belo-horizonte-mg-uberlandia-mg,2026-03-18,104.89,145.98,88.33,88.51
11,belo-horizonte-mg-uberlandia-mg,2026-03-16,103.92,114.34,88.54,88.65
11,ribeirao-preto-sp-sao-paulo-sp,2026-03-19,157.1,157.55,155.3,155.3
10,belo-horizonte-mg-rio-de-janeiro-rj,2026-03-22,152.35,155.39,159.99,169.99
5,belo-horizonte-mg-rio-de-janeiro-rj,2026-03-18,124.82,127.43,129.99,139.9
7,belo-horizonte-mg-sao-paulo-sp,2026-03-22,165.57,169.89,159.99,159.99
26,ribeirao-preto-sp-sao-paulo-sp,2026-03-20,173.6,169.92,164.35,158.9
26,rio-de-janeiro-rj-sao-paulo-sp,2026-03-20,105.6,107.02,104.99,107.99
21,belo-horizonte-mg-rio-de-janeiro-rj,2026-03-21,83.7,90.75,69.99,99.99
17,ipatinga-mg-vitoria-es,2026-03-21,90.0,90.0,90.04,90.04
11,belo-horizonte-mg-governador-valadares-mg,2026-03-20,145.99,128.01,149.91,116.47
12,ribeirao-preto-sp-sao-paulo-sp,2026-03-22,167.29,169.52,158.9,158.9
12,rio-de-janeiro-rj-uberlandia-mg,2026-03-22,230.98,238.81,223.98,238.48
8,belo-horizonte-mg-sao-paulo-sp,2026-03-19,189.98,182.89,184.99,179.99
8,sao-jose-dos-campos-sp-sao-paulo-sp,2026-03-20,47.2,47.17,47.8,47.75
4,campinas-sp-rio-de-janeiro-rj,2026-03-20,155.03,149.95,150.9,149.99
1,belo-horizonte-mg-cabo-frio-rj,2026-03-21,249.24,150.12,245.99,139.99
26,belo-horizonte-mg-governador-valadares-mg,2026-03-20,134.06,103.95,118.79,65.04
23,belo-horizonte-mg-uberlandia-mg,2026-03-17,129.47,103.0,88.54,88.19
23,belo-horizonte-mg-brasilia-df,2026-03-20,240.67,255.05,228.98,242.46
22,belo-horizonte-mg-governador-valadares-mg,2026-03-20,123.59,111.92,117.75,101.02
18,belo-horizonte-mg-cabo-frio-rj,2026-03-21,190.9,169.9,179.9,169.9
13,belo-horizonte-mg-governador-valadares-mg,2026-03-16,114.28,145.28,101.26,149.91
9,rio-de-janeiro-rj-vitoria-es,2026-03-17,125.38,131.03,119.91,137.61
8,belo-horizonte-mg-rio-de-janeiro-rj,2026-03-19,146.23,149.77,169.99,169.99
8,belo-horizonte-mg-rio-de-janeiro-rj,2026-03-22,142.48,153.46,140.37,159.99
5,campinas-sp-sao-paulo-sp,2026-03-21,55.59,54.92,56.2,56.2
3,campinas-sp-sao-paulo-sp,2026-03-20,55.52,55.04,56.2,56.2
1,belo-horizonte-mg-brasilia-df,2026-03-21,279.51,261.9,244.48,236.96
24,belo-horizonte-mg-rio-de-janeiro-rj,2026-03-19,114.73,104.37,109.9,98.9
22,ribeirao-preto-sp-sao-paulo-sp,2026-03-20,170.28,170.16,158.9,158.9
22,ribeirao-preto-sp-sao-paulo-sp,2026-03-21,158.34,159.2,155.3,158.9
16,belo-horizonte-mg-governador-valadares-mg,2026-03-16,110.37,117.17,101.02,101.26
18,belo-horizonte-mg-rio-de-janeiro-rj,2026-03-18,99.21,96.34,99.99,99.99
17,rio-de-janeiro-rj-vitoria-es,2026-03-17,131.29,151.69,129.9,138.76
19,campinas-sp-rio-de-janeiro-rj,2026-03-20,153.8,162.37,149.99,164.99
17,governador-valadares-mg-sao-paulo-sp,2026-03-21,256.29,235.69,260.4,239.88
17,rio-de-janeiro-rj-uberlandia-mg,2026-03-22,229.98,238.57,224.98,238.48
10,rio-de-janeiro-rj-sao-paulo-sp,2026-03-16,103.87,110.45,99.91,104.99
6,belo-horizonte-mg-montes-claros-mg,2026-03-18,150.36,177.73,130.29,159.95
6,governador-valadares-mg-sao-paulo-sp,2026-03-18,242.85,237.83,236.57,233.47
5,governador-valadares-mg-sao-paulo-sp,2026-03-18,253.06,248.9,256.99,249.87
20,belo-horizonte-mg-brasilia-df,2026-03-16,220.16,249.92,239.48,242.46
21,sao-jose-dos-campos-sp-sao-paulo-sp,2026-03-20,46.22,47.17,47.75,47.75
18,belo-horizonte-mg-uberlandia-mg,2026-03-18,91.38,146.09,88.33,88.65
19,belo-horizonte-mg-sao-paulo-sp,2026-03-20,181.11,182.84,166.9,159.99
16,rio-de-janeiro-rj-sao-paulo-sp,2026-03-17,98.63,103.04,93.51,99.99
17,rio-de-janeiro-rj-uberlandia-mg,2026-03-20,262.09,244.69,254.98,239.47
16,belo-horizonte-mg-governador-valadares-mg,2026-03-20,132.9,119.57,118.79,101.26
10,rio-de-janeiro-rj-uberlandia-mg,2026-03-22,230.12,239.06,223.98,238.48
5,campinas-sp-rio-de-janeiro-rj,2026-03-20,155.03,138.3,150.9,134.45
2,campinas-sp-sao-paulo-sp,2026-03-17,55.3,55.2,56.2,56.2
3,belo-horizonte-mg-montes-claros-mg,2026-03-21,140.94,135.76,134.97,129.91
1,rio-de-janeiro-rj-uberlandia-mg,2026-03-22,228.79,245.93,223.98,246.98
24,ipatinga-mg-vitoria-es,2026-03-18,96.6,90.93,96.4,90.93
24,belo-horizonte-mg-cabo-frio-rj,2026-03-20,173.1,162.46,179.9,169.9
26,ipatinga-mg-vitoria-es,2026-03-22,96.09,92.5,94.06,94.06
19,belo-horizonte-mg-cabo-frio-rj,2026-03-18,232.04,156.57,239.9,139.9
20,ipatinga-mg-vitoria-es,2026-03-20,93.66,92.49,94.06,94.06
20,belo-horizonte-mg-brasilia-df,2026-03-21,230.4,257.42,228.98,232.98
18,campinas-sp-rio-de-janeiro-rj,2026-03-20,151.37,161.68,149.99,159.99
17,sao-paulo-sp-vitoria-es,2026-03-19,242.11,219.51,239.9,232.05
18,belo-horizonte-mg-governador-valadares-mg,2026-03-22,130.0,130.64,118.55,116.47
7,ipatinga-mg-vitoria-es,2026-03-18,122.06,96.6,105.79,96.4
5,belo-horizonte-mg-montes-claros-mg,2026-03-18,149.64,177.66,130.29,159.95
7,belo-horizonte-mg-uberlandia-mg,2026-03-20,172.47,136.55,163.77,101.9
2,ipatinga-mg-vitoria-es,2026-03-22,118.88,131.17,92.45,130.22
22,belo-horizonte-mg-governador-valadares-mg,2026-03-16,113.4,111.4,101.02,101.02
25,belo-horizonte-mg-rio-de-janeiro-rj,2026-03-21,87.72,87.76,69.99,93.9
18,sao-jose-dos-campos-sp-sao-paulo-sp,2026-03-19,46.18,46.71,47.75,47.75
18,sao-jose-dos-campos-sp-sao-paulo-sp,2026-03-20,40.41,46.78,39.0,47.75
17,belo-horizonte-mg-sao-paulo-sp,2026-03-21,192.6,207.52,184.99,199.99
16,belo-horizonte-mg-brasilia-df,2026-03-21,246.2,248.23,231.97,228.98
11,campinas-sp-rio-de-janeiro-rj,2026-03-18,146.21,148.22,139.99,154.99
10,sao-paulo-sp-vitoria-es,2026-03-19,232.17,230.87,239.9,232.05
9,campinas-sp-sao-paulo-sp,2026-03-19,55.4,55.31,56.2,56.2
8,belo-horizonte-mg-uberlandia-mg,2026-03-22,198.77,192.97,193.08,193.08
27,belo-horizonte-mg-uberlandia-mg,2026-03-21,116.98,107.14,88.65,88.51
21,governador-valadares-mg-sao-paulo-sp,2026-03-16,263.1,298.04,256.96,275.89
23,sao-paulo-sp-vitoria-es,2026-03-18,219.21,244.19,232.05,240.86
22,belo-horizonte-mg-rio-de-janeiro-rj,2026-03-18,85.48,91.75,69.99,99.99
23,belo-horizonte-mg-montes-claros-mg,2026-03-20,150.06,156.83,130.57,141.99
20,belo-horizonte-mg-governador-valadares-mg,2026-03-18,101.16,108.17,65.04,65.97
19,ribeirao-preto-sp-sao-paulo-sp,2026-03-19,159.49,158.82,155.3,158.9
15,sao-jose-dos-campos-sp-sao-paulo-sp,2026-03-17,49.06,47.07,47.75,47.75
18,sao-paulo-sp-vitoria-es,2026-03-20,227.25,261.45,207.27,239.91
13,governador-valadares-mg-sao-paulo-sp,2026-03-17,251.31,229.48,256.96,224.18
12,campinas-sp-sao-paulo-sp,2026-03-19,55.59,55.33,56.2,56.2
10,belo-horizonte-mg-governador-valadares-mg,2026-03-22,150.75,133.47,153.61,118.79
2,campinas-sp-rio-de-janeiro-rj,2026-03-17,161.44,148.28,164.99,154.99
4,rio-de-janeiro-rj-sao-paulo-sp,2026-03-21,126.23,114.03,124.9,119.9
3,campinas-sp-sao-paulo-sp,2026-03-21,55.52,55.13,56.2,56.2
26,belo-horizonte-mg-rio-de-janeiro-rj,2026-03-21,88.83,85.01,69.99,69.99
20,rio-de-janeiro-rj-sao-paulo-sp,2026-03-16,101.32,112.49,103.42,108.41
19,belo-horizonte-mg-montes-claros-mg,2026-03-20,149.03,156.83,130.29,141.99
20,governador-valadares-mg-sao-paulo-sp,2026-03-21,253.5,260.21,258.8,263.98
15,campinas-sp-sao-paulo-sp,2026-03-17,54.93,54.98,56.2,56.5
17,belo-horizonte-mg-rio-de-janeiro-rj,2026-03-20,130.85,135.4,139.99,139.99
11,sao-jose-dos-campos-sp-sao-paulo-sp,2026-03-17,47.07,47.07,47.75,47.75
13,belo-horizonte-mg-rio-de-janeiro-rj,2026-03-21,107.28,107.86,109.99,109.9
9,belo-horizonte-mg-rio-de-janeiro-rj,2026-03-18,110.11,112.61,109.99,109.99
13,rio-de-janeiro-rj-vitoria-es,2026-03-22,125.94,132.13,124.91,129.91
13,sao-jose-dos-campos-sp-sao-paulo-sp,2026-03-22,46.41,47.07,47.8,47.75
12,belo-horizonte-mg-uberlandia-mg,2026-03-22,139.75,143.26,101.79,101.52
6,governador-valadares-mg-sao-paulo-sp,2026-03-17,246.43,226.22,251.94,208.45
7,sao-jose-dos-campos-sp-sao-paulo-sp,2026-03-18,47.1,46.1,47.8,47.75
6,belo-horizonte-mg-uberlandia-mg,2026-03-19,162.41,99.98,163.23,88.33
8,belo-horizonte-mg-cabo-frio-rj,2026-03-22,249.82,236.99,261.49,246.99
1,belo-horizonte-mg-governador-valadares-mg,2026-03-16,160.27,155.99,171.74,162.61
5,belo-horizonte-mg-montes-claros-mg,2026-03-20,156.7,166.0,136.92,153.7
2,rio-de-janeiro-rj-sao-paulo-sp,2026-03-17,123.69,116.97,124.33,118.36
